Nonterminals useless in grammar

    class_member
    storage_class_specifier
    type_qualifier_list
    identifier_list
    constructor_call


Terminals unused in grammar

    TYPEDEF
    TYPE_NAME
    INVALID


Rules useless in grammar

  214 storage_class_specifier: TYPEDEF
  215                        | STATIC

  216 type_qualifier_list: type_qualifier
  217                    | type_qualifier_list type_qualifier

  218 identifier_list: IDENTIFIER
  219                | identifier_list COMMA IDENTIFIER

  220 constructor_call: CLASS IDENTIFIER IDENTIFIER LPAREN argument_expression_list RPAREN


Rules useless in parser due to conflicts

   44 parameter_type_list: parameter_list

  195 $@4: ε


State 7 conflicts: 1 shift/reduce
State 59 conflicts: 11 reduce/reduce
State 78 conflicts: 1 shift/reduce
State 233 conflicts: 1 shift/reduce
State 235 conflicts: 1 shift/reduce
State 243 conflicts: 32 shift/reduce
State 343 conflicts: 1 shift/reduce


Grammar

    0 $accept: start $end

    1 start: global_declaration
    2      | start global_declaration

    3 global_declaration: function_definition
    4                   | declaration
    5                   | class_declaration

    6 function_definition: return_types fun_declarator compound_statement
    7                    | return_types fun_declarator SEMICOLON

    8 declaration: return_types SEMICOLON
    9            | return_types init_declarator_list SEMICOLON

   10 return_types: declaration_specifiers

   11 declaration_specifiers: type_specifier
   12                       | STATIC type_specifier
   13                       | CONST type_specifier
   14                       | STATIC CONST type_specifier

   15 type_specifier: VOID
   16               | CHAR
   17               | INT
   18               | BOOL
   19               | FLOAT
   20               | struct_or_union_specifier
   21               | enum_specifier

   22 type_qualifier: CONST

   23 init_declarator_list: init_declarator
   24                     | init_declarator_list COMMA init_declarator

   25 init_declarator: declarator
   26                | declarator ASSIGN initializer

   27 declarator: pointer direct_declarator
   28           | direct_declarator

   29 direct_declarator: IDENTIFIER
   30                  | direct_declarator LBRACKET INT_LITERAL RBRACKET
   31                  | direct_declarator LBRACKET RBRACKET

   32 fun_declarator: pointer fun_direct_declarator
   33               | fun_direct_declarator

   34 fun_direct_declarator: IDENTIFIER LPAREN parameter_list RPAREN
   35                      | IDENTIFIER LPAREN RPAREN
   36                      | IDENTIFIER LPAREN parameter_type_list RPAREN

   37 declaration_list: declaration
   38                 | declaration_list declaration

   39 initializer: assignment_expression
   40            | LBRACE initializer_list RBRACE
   41            | LBRACE initializer_list COMMA RBRACE

   42 initializer_list: initializer
   43                 | initializer_list COMMA initializer

   44 parameter_type_list: parameter_list
   45                    | parameter_list COMMA ELLIPSIS

   46 parameter_list: parameter_declaration
   47               | parameter_list COMMA parameter_declaration

   48 parameter_declaration: return_types declarator

   49 class_declaration: CLASS IDENTIFIER opt_base_clause LBRACE class_body RBRACE SEMICOLON

   50 opt_base_clause: ε
   51                | COLON base_specifier_list

   52 base_specifier_list: base_specifier
   53                    | base_specifier_list COMMA base_specifier

   54 base_specifier: opt_access_specifier IDENTIFIER

   55 opt_access_specifier: ε
   56                     | PUBLIC
   57                     | PROTECTED
   58                     | PRIVATE

   59 class_body: ε
   60           | class_body member_declaration

   61 member_declaration: declaration
   62                   | statement_list
   63                   | function_definition
   64                   | access_label
   65                   | class_declaration
   66                   | constructor_declaration
   67                   | destructor_declaration

   68 constructor_declaration: IDENTIFIER LPAREN parameter_list RPAREN compound_statement

   69 destructor_declaration: BIT_NOT IDENTIFIER LPAREN RPAREN compound_statement

   70 access_label: PUBLIC COLON
   71             | PROTECTED COLON
   72             | PRIVATE COLON

   73 primary_expression: IDENTIFIER
   74                   | INT_LITERAL
   75                   | FLOAT_LITERAL
   76                   | CHAR_LITERAL
   77                   | STRING_LITERAL
   78                   | NULL_LITERAL
   79                   | BOOLEAN_LITERAL
   80                   | LPAREN expression RPAREN

   81 postfix_expression: primary_expression
   82                   | postfix_expression LBRACKET expression RBRACKET
   83                   | postfix_expression LPAREN RPAREN
   84                   | postfix_expression LPAREN argument_expression_list RPAREN
   85                   | postfix_expression DOT IDENTIFIER
   86                   | postfix_expression ARROW IDENTIFIER
   87                   | postfix_expression INCREMENT
   88                   | postfix_expression DECREMENT

   89 argument_expression_list: assignment_expression
   90                         | argument_expression_list COMMA assignment_expression

   91 unary_expression: postfix_expression
   92                 | INCREMENT unary_expression
   93                 | DECREMENT unary_expression
   94                 | unary_operator cast_expression
   95                 | SIZEOF unary_expression
   96                 | SIZEOF LPAREN type_name RPAREN

   97 unary_operator: BIT_AND
   98               | STAR
   99               | PLUS
  100               | MINUS
  101               | BIT_NOT
  102               | LOGICAL_NOT

  103 cast_expression: unary_expression
  104                | LPAREN type_name RPAREN cast_expression

  105 multiplicative_expression: cast_expression
  106                          | multiplicative_expression STAR cast_expression
  107                          | multiplicative_expression DIVIDE cast_expression
  108                          | multiplicative_expression MOD cast_expression

  109 additive_expression: multiplicative_expression
  110                    | additive_expression PLUS multiplicative_expression
  111                    | additive_expression MINUS multiplicative_expression

  112 shift_expression: additive_expression
  113                 | shift_expression LEFT_SHIFT additive_expression
  114                 | shift_expression RIGHT_SHIFT additive_expression

  115 relational_expression: shift_expression
  116                      | relational_expression LT shift_expression
  117                      | relational_expression GT shift_expression
  118                      | relational_expression LE shift_expression
  119                      | relational_expression GE shift_expression

  120 equality_expression: relational_expression
  121                    | equality_expression EQ relational_expression
  122                    | equality_expression NEQ relational_expression

  123 and_expression: equality_expression
  124               | and_expression BIT_AND equality_expression

  125 exclusive_or_expression: and_expression
  126                        | exclusive_or_expression BIT_XOR and_expression

  127 inclusive_or_expression: exclusive_or_expression
  128                        | inclusive_or_expression BIT_OR exclusive_or_expression

  129 logical_and_expression: inclusive_or_expression
  130                       | logical_and_expression LOGICAL_AND inclusive_or_expression

  131 logical_or_expression: logical_and_expression
  132                      | logical_or_expression LOGICAL_OR logical_and_expression

  133 conditional_expression: logical_or_expression

  134 assignment_expression: conditional_expression
  135                      | unary_expression assignment_operator assignment_expression

  136 assignment_operator: ASSIGN
  137                    | MUL_ASSIGN
  138                    | DIV_ASSIGN
  139                    | MOD_ASSIGN
  140                    | ADD_ASSIGN
  141                    | SUB_ASSIGN
  142                    | LEFT_ASSIGN
  143                    | RIGHT_ASSIGN
  144                    | AND_ASSIGN
  145                    | XOR_ASSIGN
  146                    | OR_ASSIGN

  147 expression: assignment_expression
  148           | expression COMMA assignment_expression

  149 constant_expression: conditional_expression

  150 struct_or_union_specifier: struct_or_union IDENTIFIER LBRACE struct_declaration_list RBRACE
  151                          | struct_or_union IDENTIFIER

  152 struct_or_union: STRUCT
  153                | UNION
  154                | CLASS

  155 struct_declaration_list: struct_declaration
  156                        | struct_declaration_list struct_declaration

  157 struct_declaration: specifier_qualifier_list struct_declarator_list SEMICOLON

  158 specifier_qualifier_list: type_specifier specifier_qualifier_list
  159                         | type_specifier
  160                         | type_qualifier specifier_qualifier_list
  161                         | type_qualifier

  162 struct_declarator_list: struct_declarator
  163                       | struct_declarator_list COMMA struct_declarator

  164 struct_declarator: declarator
  165                  | COLON constant_expression
  166                  | declarator COLON constant_expression

  167 enum_specifier: ENUM LBRACE enumerator_list RBRACE
  168               | ENUM IDENTIFIER LBRACE enumerator_list RBRACE
  169               | ENUM IDENTIFIER

  170 enumerator_list: enumerator
  171                | enumerator_list COMMA enumerator

  172 enumerator: IDENTIFIER
  173           | IDENTIFIER ASSIGN constant_expression

  174 pointer: STAR
  175        | STAR CONST
  176        | STAR pointer
  177        | BIT_AND

  178 type_name: specifier_qualifier_list

  179 statement: labeled_statement
  180          | compound_statement
  181          | expression_statement
  182          | selection_statement
  183          | iteration_statement
  184          | jump_statement
  185          | error SEMICOLON

  186 labeled_statement: IDENTIFIER COLON statement
  187                  | CASE constant_expression COLON statement
  188                  | DEFAULT COLON statement

  189 $@1: ε

  190 compound_statement: LBRACE $@1 RBRACE

  191 $@2: ε

  192 compound_statement: LBRACE $@2 statement_list RBRACE

  193 $@3: ε

  194 compound_statement: LBRACE $@3 declaration_list RBRACE

  195 $@4: ε

  196 compound_statement: LBRACE $@4 declaration_list statement_list RBRACE

  197 statement_list: statement
  198               | statement_list statement

  199 expression_statement: SEMICOLON
  200                     | expression SEMICOLON

  201 selection_statement: IF LPAREN expression RPAREN statement
  202                    | IF LPAREN expression RPAREN statement ELSE statement
  203                    | SWITCH LPAREN expression RPAREN statement

  204 iteration_statement: WHILE LPAREN expression RPAREN statement
  205                    | UNTIL LPAREN expression RPAREN statement
  206                    | DO statement WHILE LPAREN expression RPAREN SEMICOLON
  207                    | FOR LPAREN expression_statement expression_statement RPAREN statement
  208                    | FOR LPAREN expression_statement expression_statement expression RPAREN statement

  209 jump_statement: GOTO IDENTIFIER SEMICOLON
  210               | CONTINUE SEMICOLON
  211               | BREAK SEMICOLON
  212               | RETURN SEMICOLON
  213               | RETURN expression SEMICOLON


Terminals, with rules where they appear

    $end (0) 0
    error (256) 185
    INT (258) 17
    FLOAT (259) 19
    CHAR (260) 16
    VOID (261) 15
    BOOL (262) 18
    IF (263) 201 202
    ELSE (264) 202
    FOR (265) 207 208
    WHILE (266) 204 206
    DO (267) 206
    UNTIL (268) 205
    BREAK (269) 211
    CONTINUE (270) 210
    SWITCH (271) 203
    CASE (272) 187
    DEFAULT (273) 188
    SIZEOF (274) 95 96
    TYPEDEF (275)
    STATIC (276) 12 14
    GOTO (277) 209
    CLASS (278) 49 154
    PUBLIC (279) 56 70
    PRIVATE (280) 58 72
    PROTECTED (281) 57 71
    NULL_LITERAL (282) 78
    INCREMENT (283) 87 92
    DECREMENT (284) 88 93
    ARROW (285) 86
    LEFT_SHIFT (286) 113
    RIGHT_SHIFT (287) 114
    LOGICAL_AND (288) 130
    LOGICAL_OR (289) 132
    EQ (290) 121
    NEQ (291) 122
    LE (292) 118
    GE (293) 119
    PLUS (294) 99 110
    MINUS (295) 100 111
    STAR (296) 98 106 174 175 176
    DIVIDE (297) 107
    MOD (298) 108
    ASSIGN (299) 26 136 173
    LT (300) 116
    GT (301) 117
    LOGICAL_NOT (302) 102
    BIT_AND (303) 97 124 177
    BIT_OR (304) 128
    BIT_XOR (305) 126
    BIT_NOT (306) 69 101
    DOT (307) 85
    MUL_ASSIGN (308) 137
    DIV_ASSIGN (309) 138
    MOD_ASSIGN (310) 139
    ADD_ASSIGN (311) 140
    SUB_ASSIGN (312) 141
    LEFT_ASSIGN (313) 142
    RIGHT_ASSIGN (314) 143
    AND_ASSIGN (315) 144
    XOR_ASSIGN (316) 145
    OR_ASSIGN (317) 146
    COLON (318) 51 70 71 72 165 166 186 187 188
    SEMICOLON (319) 7 8 9 49 157 185 199 200 206 209 210 211 212 213
    COMMA (320) 24 41 43 45 47 53 90 148 163 171
    LBRACE (321) 40 41 49 150 167 168 190 192 194 196
    RBRACE (322) 40 41 49 150 167 168 190 192 194 196
    LPAREN (323) 34 35 36 68 69 80 83 84 96 104 201 202 203 204 205 206 207 208
    RPAREN (324) 34 35 36 68 69 80 83 84 96 104 201 202 203 204 205 206 207 208
    LBRACKET (325) 30 31 82
    RBRACKET (326) 30 31 82
    STRUCT (327) 152
    RETURN (328) 212 213
    IDENTIFIER <sval> (329) 29 34 35 36 49 54 68 69 73 85 86 150 151 168 169 172 173 186 209
    INT_LITERAL <ival> (330) 30 74
    BOOLEAN_LITERAL <ival> (331) 79
    FLOAT_LITERAL <fval> (332) 75
    STRING_LITERAL <sval> (333) 77
    CHAR_LITERAL <sval> (334) 76
    TYPE_NAME (335)
    ENUM (336) 167 168 169
    UNION (337) 153
    INVALID (338)
    ELLIPSIS (339) 45
    CONST (340) 13 14 22 175


Nonterminals, with rules where they appear

    $accept (86)
        on left: 0
    start (87)
        on left: 1 2
        on right: 0 2
    global_declaration (88)
        on left: 3 4 5
        on right: 1 2
    function_definition (89)
        on left: 6 7
        on right: 3 63
    declaration (90)
        on left: 8 9
        on right: 4 37 38 61
    return_types <typeinfo> (91)
        on left: 10
        on right: 6 7 8 9 48
    declaration_specifiers <typeinfo> (92)
        on left: 11 12 13 14
        on right: 10
    type_specifier <typeinfo> (93)
        on left: 15 16 17 18 19 20 21
        on right: 11 12 13 14 158 159
    type_qualifier <typeinfo> (94)
        on left: 22
        on right: 160 161
    init_declarator_list <decllist> (95)
        on left: 23 24
        on right: 9 24
    init_declarator <declinfo> (96)
        on left: 25 26
        on right: 23 24
    declarator <declinfo> (97)
        on left: 27 28
        on right: 25 26 48 164 166
    direct_declarator <declinfo> (98)
        on left: 29 30 31
        on right: 27 28 30 31
    fun_declarator <sval> (99)
        on left: 32 33
        on right: 6 7
    fun_direct_declarator <sval> (100)
        on left: 34 35 36
        on right: 32 33
    declaration_list <strlist> (101)
        on left: 37 38
        on right: 38 194 196
    initializer <sval> (102)
        on left: 39 40 41
        on right: 26 42 43
    initializer_list <strlist> (103)
        on left: 42 43
        on right: 40 41 43
    parameter_type_list (104)
        on left: 44 45
        on right: 36
    parameter_list (105)
        on left: 46 47
        on right: 34 44 45 47 68
    parameter_declaration (106)
        on left: 48
        on right: 46 47
    class_declaration <sval> (107)
        on left: 49
        on right: 5 65
    opt_base_clause (108)
        on left: 50 51
        on right: 49
    base_specifier_list (109)
        on left: 52 53
        on right: 51 53
    base_specifier (110)
        on left: 54
        on right: 52 53
    opt_access_specifier (111)
        on left: 55 56 57 58
        on right: 54
    class_body <sval> (112)
        on left: 59 60
        on right: 49 60
    member_declaration (113)
        on left: 61 62 63 64 65 66 67
        on right: 60
    constructor_declaration (114)
        on left: 68
        on right: 66
    destructor_declaration (115)
        on left: 69
        on right: 67
    access_label (116)
        on left: 70 71 72
        on right: 64
    primary_expression <sval> (117)
        on left: 73 74 75 76 77 78 79 80
        on right: 81
    postfix_expression <sval> (118)
        on left: 81 82 83 84 85 86 87 88
        on right: 82 83 84 85 86 87 88 91
    argument_expression_list <strlist> (119)
        on left: 89 90
        on right: 84 90
    unary_expression <sval> (120)
        on left: 91 92 93 94 95 96
        on right: 92 93 95 103 135
    unary_operator <sval> (121)
        on left: 97 98 99 100 101 102
        on right: 94
    cast_expression <sval> (122)
        on left: 103 104
        on right: 94 104 105 106 107 108
    multiplicative_expression <sval> (123)
        on left: 105 106 107 108
        on right: 106 107 108 109 110 111
    additive_expression <sval> (124)
        on left: 109 110 111
        on right: 110 111 112 113 114
    shift_expression <sval> (125)
        on left: 112 113 114
        on right: 113 114 115 116 117 118 119
    relational_expression <sval> (126)
        on left: 115 116 117 118 119
        on right: 116 117 118 119 120 121 122
    equality_expression <sval> (127)
        on left: 120 121 122
        on right: 121 122 123 124
    and_expression <sval> (128)
        on left: 123 124
        on right: 124 125 126
    exclusive_or_expression <sval> (129)
        on left: 125 126
        on right: 126 127 128
    inclusive_or_expression <sval> (130)
        on left: 127 128
        on right: 128 129 130
    logical_and_expression <sval> (131)
        on left: 129 130
        on right: 130 131 132
    logical_or_expression <sval> (132)
        on left: 131 132
        on right: 132 133
    conditional_expression <sval> (133)
        on left: 133
        on right: 134 149
    assignment_expression <sval> (134)
        on left: 134 135
        on right: 39 89 90 135 147 148
    assignment_operator <sval> (135)
        on left: 136 137 138 139 140 141 142 143 144 145 146
        on right: 135
    expression <sval> (136)
        on left: 147 148
        on right: 80 82 148 200 201 202 203 204 205 206 208 213
    constant_expression <ival> (137)
        on left: 149
        on right: 165 166 173 187
    struct_or_union_specifier <sval> (138)
        on left: 150 151
        on right: 20
    struct_or_union <sval> (139)
        on left: 152 153 154
        on right: 150 151
    struct_declaration_list (140)
        on left: 155 156
        on right: 150 156
    struct_declaration (141)
        on left: 157
        on right: 155 156
    specifier_qualifier_list <strlist> (142)
        on left: 158 159 160 161
        on right: 157 158 160 178
    struct_declarator_list <strlist> (143)
        on left: 162 163
        on right: 157 163
    struct_declarator <sval> (144)
        on left: 164 165 166
        on right: 162 163
    enum_specifier <sval> (145)
        on left: 167 168 169
        on right: 21
    enumerator_list <strlist> (146)
        on left: 170 171
        on right: 167 168 171
    enumerator <sval> (147)
        on left: 172 173
        on right: 170 171
    pointer <typeinfo> (148)
        on left: 174 175 176 177
        on right: 27 32 176
    type_name <sval> (149)
        on left: 178
        on right: 96 104
    statement (150)
        on left: 179 180 181 182 183 184 185
        on right: 186 187 188 197 198 201 202 203 204 205 206 207 208
    labeled_statement (151)
        on left: 186 187 188
        on right: 179
    compound_statement (152)
        on left: 190 192 194 196
        on right: 6 68 69 180
    $@1 (153)
        on left: 189
        on right: 190
    $@2 (154)
        on left: 191
        on right: 192
    $@3 (155)
        on left: 193
        on right: 194
    $@4 (156)
        on left: 195
        on right: 196
    statement_list (157)
        on left: 197 198
        on right: 62 192 196 198
    expression_statement (158)
        on left: 199 200
        on right: 181 207 208
    selection_statement (159)
        on left: 201 202 203
        on right: 182
    iteration_statement (160)
        on left: 204 205 206 207 208
        on right: 183
    jump_statement (161)
        on left: 209 210 211 212 213
        on right: 184


State 0

    0 $accept: • start $end

    INT     shift, and go to state 1
    FLOAT   shift, and go to state 2
    CHAR    shift, and go to state 3
    VOID    shift, and go to state 4
    BOOL    shift, and go to state 5
    STATIC  shift, and go to state 6
    CLASS   shift, and go to state 7
    STRUCT  shift, and go to state 8
    ENUM    shift, and go to state 9
    UNION   shift, and go to state 10
    CONST   shift, and go to state 11

    start                      go to state 12
    global_declaration         go to state 13
    function_definition        go to state 14
    declaration                go to state 15
    return_types               go to state 16
    declaration_specifiers     go to state 17
    type_specifier             go to state 18
    class_declaration          go to state 19
    struct_or_union_specifier  go to state 20
    struct_or_union            go to state 21
    enum_specifier             go to state 22


State 1

   17 type_specifier: INT •

    $default  reduce using rule 17 (type_specifier)


State 2

   19 type_specifier: FLOAT •

    $default  reduce using rule 19 (type_specifier)


State 3

   16 type_specifier: CHAR •

    $default  reduce using rule 16 (type_specifier)


State 4

   15 type_specifier: VOID •

    $default  reduce using rule 15 (type_specifier)


State 5

   18 type_specifier: BOOL •

    $default  reduce using rule 18 (type_specifier)


State 6

   12 declaration_specifiers: STATIC • type_specifier
   14                       | STATIC • CONST type_specifier

    INT     shift, and go to state 1
    FLOAT   shift, and go to state 2
    CHAR    shift, and go to state 3
    VOID    shift, and go to state 4
    BOOL    shift, and go to state 5
    CLASS   shift, and go to state 23
    STRUCT  shift, and go to state 8
    ENUM    shift, and go to state 9
    UNION   shift, and go to state 10
    CONST   shift, and go to state 24

    type_specifier             go to state 25
    struct_or_union_specifier  go to state 20
    struct_or_union            go to state 21
    enum_specifier             go to state 22


State 7

   49 class_declaration: CLASS • IDENTIFIER opt_base_clause LBRACE class_body RBRACE SEMICOLON
  154 struct_or_union: CLASS •

    IDENTIFIER  shift, and go to state 26

    IDENTIFIER  [reduce using rule 154 (struct_or_union)]


State 8

  152 struct_or_union: STRUCT •

    $default  reduce using rule 152 (struct_or_union)


State 9

  167 enum_specifier: ENUM • LBRACE enumerator_list RBRACE
  168               | ENUM • IDENTIFIER LBRACE enumerator_list RBRACE
  169               | ENUM • IDENTIFIER

    LBRACE      shift, and go to state 27
    IDENTIFIER  shift, and go to state 28


State 10

  153 struct_or_union: UNION •

    $default  reduce using rule 153 (struct_or_union)


State 11

   13 declaration_specifiers: CONST • type_specifier

    INT     shift, and go to state 1
    FLOAT   shift, and go to state 2
    CHAR    shift, and go to state 3
    VOID    shift, and go to state 4
    BOOL    shift, and go to state 5
    CLASS   shift, and go to state 23
    STRUCT  shift, and go to state 8
    ENUM    shift, and go to state 9
    UNION   shift, and go to state 10

    type_specifier             go to state 29
    struct_or_union_specifier  go to state 20
    struct_or_union            go to state 21
    enum_specifier             go to state 22


State 12

    0 $accept: start • $end
    2 start: start • global_declaration

    $end    shift, and go to state 30
    INT     shift, and go to state 1
    FLOAT   shift, and go to state 2
    CHAR    shift, and go to state 3
    VOID    shift, and go to state 4
    BOOL    shift, and go to state 5
    STATIC  shift, and go to state 6
    CLASS   shift, and go to state 7
    STRUCT  shift, and go to state 8
    ENUM    shift, and go to state 9
    UNION   shift, and go to state 10
    CONST   shift, and go to state 11

    global_declaration         go to state 31
    function_definition        go to state 14
    declaration                go to state 15
    return_types               go to state 16
    declaration_specifiers     go to state 17
    type_specifier             go to state 18
    class_declaration          go to state 19
    struct_or_union_specifier  go to state 20
    struct_or_union            go to state 21
    enum_specifier             go to state 22


State 13

    1 start: global_declaration •

    $default  reduce using rule 1 (start)


State 14

    3 global_declaration: function_definition •

    $default  reduce using rule 3 (global_declaration)


State 15

    4 global_declaration: declaration •

    $default  reduce using rule 4 (global_declaration)


State 16

    6 function_definition: return_types • fun_declarator compound_statement
    7                    | return_types • fun_declarator SEMICOLON
    8 declaration: return_types • SEMICOLON
    9            | return_types • init_declarator_list SEMICOLON

    STAR        shift, and go to state 32
    BIT_AND     shift, and go to state 33
    SEMICOLON   shift, and go to state 34
    IDENTIFIER  shift, and go to state 35

    init_declarator_list   go to state 36
    init_declarator        go to state 37
    declarator             go to state 38
    direct_declarator      go to state 39
    fun_declarator         go to state 40
    fun_direct_declarator  go to state 41
    pointer                go to state 42


State 17

   10 return_types: declaration_specifiers •

    $default  reduce using rule 10 (return_types)


State 18

   11 declaration_specifiers: type_specifier •

    $default  reduce using rule 11 (declaration_specifiers)


State 19

    5 global_declaration: class_declaration •

    $default  reduce using rule 5 (global_declaration)


State 20

   20 type_specifier: struct_or_union_specifier •

    $default  reduce using rule 20 (type_specifier)


State 21

  150 struct_or_union_specifier: struct_or_union • IDENTIFIER LBRACE struct_declaration_list RBRACE
  151                          | struct_or_union • IDENTIFIER

    IDENTIFIER  shift, and go to state 43


State 22

   21 type_specifier: enum_specifier •

    $default  reduce using rule 21 (type_specifier)


State 23

  154 struct_or_union: CLASS •

    $default  reduce using rule 154 (struct_or_union)


State 24

   14 declaration_specifiers: STATIC CONST • type_specifier

    INT     shift, and go to state 1
    FLOAT   shift, and go to state 2
    CHAR    shift, and go to state 3
    VOID    shift, and go to state 4
    BOOL    shift, and go to state 5
    CLASS   shift, and go to state 23
    STRUCT  shift, and go to state 8
    ENUM    shift, and go to state 9
    UNION   shift, and go to state 10

    type_specifier             go to state 44
    struct_or_union_specifier  go to state 20
    struct_or_union            go to state 21
    enum_specifier             go to state 22


State 25

   12 declaration_specifiers: STATIC type_specifier •

    $default  reduce using rule 12 (declaration_specifiers)


State 26

   49 class_declaration: CLASS IDENTIFIER • opt_base_clause LBRACE class_body RBRACE SEMICOLON

    COLON  shift, and go to state 45

    $default  reduce using rule 50 (opt_base_clause)

    opt_base_clause  go to state 46


State 27

  167 enum_specifier: ENUM LBRACE • enumerator_list RBRACE

    IDENTIFIER  shift, and go to state 47

    enumerator_list  go to state 48
    enumerator       go to state 49


State 28

  168 enum_specifier: ENUM IDENTIFIER • LBRACE enumerator_list RBRACE
  169               | ENUM IDENTIFIER •

    LBRACE  shift, and go to state 50

    $default  reduce using rule 169 (enum_specifier)


State 29

   13 declaration_specifiers: CONST type_specifier •

    $default  reduce using rule 13 (declaration_specifiers)


State 30

    0 $accept: start $end •

    $default  accept


State 31

    2 start: start global_declaration •

    $default  reduce using rule 2 (start)


State 32

  174 pointer: STAR •
  175        | STAR • CONST
  176        | STAR • pointer

    STAR     shift, and go to state 32
    BIT_AND  shift, and go to state 33
    CONST    shift, and go to state 51

    $default  reduce using rule 174 (pointer)

    pointer  go to state 52


State 33

  177 pointer: BIT_AND •

    $default  reduce using rule 177 (pointer)


State 34

    8 declaration: return_types SEMICOLON •

    $default  reduce using rule 8 (declaration)


State 35

   29 direct_declarator: IDENTIFIER •
   34 fun_direct_declarator: IDENTIFIER • LPAREN parameter_list RPAREN
   35                      | IDENTIFIER • LPAREN RPAREN
   36                      | IDENTIFIER • LPAREN parameter_type_list RPAREN

    LPAREN  shift, and go to state 53

    $default  reduce using rule 29 (direct_declarator)


State 36

    9 declaration: return_types init_declarator_list • SEMICOLON
   24 init_declarator_list: init_declarator_list • COMMA init_declarator

    SEMICOLON  shift, and go to state 54
    COMMA      shift, and go to state 55


State 37

   23 init_declarator_list: init_declarator •

    $default  reduce using rule 23 (init_declarator_list)


State 38

   25 init_declarator: declarator •
   26                | declarator • ASSIGN initializer

    ASSIGN  shift, and go to state 56

    $default  reduce using rule 25 (init_declarator)


State 39

   28 declarator: direct_declarator •
   30 direct_declarator: direct_declarator • LBRACKET INT_LITERAL RBRACKET
   31                  | direct_declarator • LBRACKET RBRACKET

    LBRACKET  shift, and go to state 57

    $default  reduce using rule 28 (declarator)


State 40

    6 function_definition: return_types fun_declarator • compound_statement
    7                    | return_types fun_declarator • SEMICOLON

    SEMICOLON  shift, and go to state 58
    LBRACE     shift, and go to state 59

    compound_statement  go to state 60


State 41

   33 fun_declarator: fun_direct_declarator •

    $default  reduce using rule 33 (fun_declarator)


State 42

   27 declarator: pointer • direct_declarator
   32 fun_declarator: pointer • fun_direct_declarator

    IDENTIFIER  shift, and go to state 35

    direct_declarator      go to state 61
    fun_direct_declarator  go to state 62


State 43

  150 struct_or_union_specifier: struct_or_union IDENTIFIER • LBRACE struct_declaration_list RBRACE
  151                          | struct_or_union IDENTIFIER •

    LBRACE  shift, and go to state 63

    $default  reduce using rule 151 (struct_or_union_specifier)


State 44

   14 declaration_specifiers: STATIC CONST type_specifier •

    $default  reduce using rule 14 (declaration_specifiers)


State 45

   51 opt_base_clause: COLON • base_specifier_list

    PUBLIC     shift, and go to state 64
    PRIVATE    shift, and go to state 65
    PROTECTED  shift, and go to state 66

    $default  reduce using rule 55 (opt_access_specifier)

    base_specifier_list   go to state 67
    base_specifier        go to state 68
    opt_access_specifier  go to state 69


State 46

   49 class_declaration: CLASS IDENTIFIER opt_base_clause • LBRACE class_body RBRACE SEMICOLON

    LBRACE  shift, and go to state 70


State 47

  172 enumerator: IDENTIFIER •
  173           | IDENTIFIER • ASSIGN constant_expression

    ASSIGN  shift, and go to state 71

    $default  reduce using rule 172 (enumerator)


State 48

  167 enum_specifier: ENUM LBRACE enumerator_list • RBRACE
  171 enumerator_list: enumerator_list • COMMA enumerator

    COMMA   shift, and go to state 72
    RBRACE  shift, and go to state 73


State 49

  170 enumerator_list: enumerator •

    $default  reduce using rule 170 (enumerator_list)


State 50

  168 enum_specifier: ENUM IDENTIFIER LBRACE • enumerator_list RBRACE

    IDENTIFIER  shift, and go to state 47

    enumerator_list  go to state 74
    enumerator       go to state 49


State 51

  175 pointer: STAR CONST •

    $default  reduce using rule 175 (pointer)


State 52

  176 pointer: STAR pointer •

    $default  reduce using rule 176 (pointer)


State 53

   34 fun_direct_declarator: IDENTIFIER LPAREN • parameter_list RPAREN
   35                      | IDENTIFIER LPAREN • RPAREN
   36                      | IDENTIFIER LPAREN • parameter_type_list RPAREN

    INT     shift, and go to state 1
    FLOAT   shift, and go to state 2
    CHAR    shift, and go to state 3
    VOID    shift, and go to state 4
    BOOL    shift, and go to state 5
    STATIC  shift, and go to state 6
    CLASS   shift, and go to state 23
    RPAREN  shift, and go to state 75
    STRUCT  shift, and go to state 8
    ENUM    shift, and go to state 9
    UNION   shift, and go to state 10
    CONST   shift, and go to state 11

    return_types               go to state 76
    declaration_specifiers     go to state 17
    type_specifier             go to state 18
    parameter_type_list        go to state 77
    parameter_list             go to state 78
    parameter_declaration      go to state 79
    struct_or_union_specifier  go to state 20
    struct_or_union            go to state 21
    enum_specifier             go to state 22


State 54

    9 declaration: return_types init_declarator_list SEMICOLON •

    $default  reduce using rule 9 (declaration)


State 55

   24 init_declarator_list: init_declarator_list COMMA • init_declarator

    STAR        shift, and go to state 32
    BIT_AND     shift, and go to state 33
    IDENTIFIER  shift, and go to state 80

    init_declarator    go to state 81
    declarator         go to state 38
    direct_declarator  go to state 39
    pointer            go to state 82


State 56

   26 init_declarator: declarator ASSIGN • initializer

    SIZEOF           shift, and go to state 83
    NULL_LITERAL     shift, and go to state 84
    INCREMENT        shift, and go to state 85
    DECREMENT        shift, and go to state 86
    PLUS             shift, and go to state 87
    MINUS            shift, and go to state 88
    STAR             shift, and go to state 89
    LOGICAL_NOT      shift, and go to state 90
    BIT_AND          shift, and go to state 91
    BIT_NOT          shift, and go to state 92
    LBRACE           shift, and go to state 93
    LPAREN           shift, and go to state 94
    IDENTIFIER       shift, and go to state 95
    INT_LITERAL      shift, and go to state 96
    BOOLEAN_LITERAL  shift, and go to state 97
    FLOAT_LITERAL    shift, and go to state 98
    STRING_LITERAL   shift, and go to state 99
    CHAR_LITERAL     shift, and go to state 100

    initializer                go to state 101
    primary_expression         go to state 102
    postfix_expression         go to state 103
    unary_expression           go to state 104
    unary_operator             go to state 105
    cast_expression            go to state 106
    multiplicative_expression  go to state 107
    additive_expression        go to state 108
    shift_expression           go to state 109
    relational_expression      go to state 110
    equality_expression        go to state 111
    and_expression             go to state 112
    exclusive_or_expression    go to state 113
    inclusive_or_expression    go to state 114
    logical_and_expression     go to state 115
    logical_or_expression      go to state 116
    conditional_expression     go to state 117
    assignment_expression      go to state 118


State 57

   30 direct_declarator: direct_declarator LBRACKET • INT_LITERAL RBRACKET
   31                  | direct_declarator LBRACKET • RBRACKET

    RBRACKET     shift, and go to state 119
    INT_LITERAL  shift, and go to state 120


State 58

    7 function_definition: return_types fun_declarator SEMICOLON •

    $default  reduce using rule 7 (function_definition)


State 59

  190 compound_statement: LBRACE • $@1 RBRACE
  192                   | LBRACE • $@2 statement_list RBRACE
  194                   | LBRACE • $@3 declaration_list RBRACE
  196                   | LBRACE • $@4 declaration_list statement_list RBRACE

    INT       reduce using rule 193 ($@3)
    INT       [reduce using rule 195 ($@4)]
    FLOAT     reduce using rule 193 ($@3)
    FLOAT     [reduce using rule 195 ($@4)]
    CHAR      reduce using rule 193 ($@3)
    CHAR      [reduce using rule 195 ($@4)]
    VOID      reduce using rule 193 ($@3)
    VOID      [reduce using rule 195 ($@4)]
    BOOL      reduce using rule 193 ($@3)
    BOOL      [reduce using rule 195 ($@4)]
    STATIC    reduce using rule 193 ($@3)
    STATIC    [reduce using rule 195 ($@4)]
    CLASS     reduce using rule 193 ($@3)
    CLASS     [reduce using rule 195 ($@4)]
    RBRACE    reduce using rule 189 ($@1)
    STRUCT    reduce using rule 193 ($@3)
    STRUCT    [reduce using rule 195 ($@4)]
    ENUM      reduce using rule 193 ($@3)
    ENUM      [reduce using rule 195 ($@4)]
    UNION     reduce using rule 193 ($@3)
    UNION     [reduce using rule 195 ($@4)]
    CONST     reduce using rule 193 ($@3)
    CONST     [reduce using rule 195 ($@4)]
    $default  reduce using rule 191 ($@2)

    $@1  go to state 121
    $@2  go to state 122
    $@3  go to state 123
    $@4  go to state 124


State 60

    6 function_definition: return_types fun_declarator compound_statement •

    $default  reduce using rule 6 (function_definition)


State 61

   27 declarator: pointer direct_declarator •
   30 direct_declarator: direct_declarator • LBRACKET INT_LITERAL RBRACKET
   31                  | direct_declarator • LBRACKET RBRACKET

    LBRACKET  shift, and go to state 57

    $default  reduce using rule 27 (declarator)


State 62

   32 fun_declarator: pointer fun_direct_declarator •

    $default  reduce using rule 32 (fun_declarator)


State 63

  150 struct_or_union_specifier: struct_or_union IDENTIFIER LBRACE • struct_declaration_list RBRACE

    INT     shift, and go to state 1
    FLOAT   shift, and go to state 2
    CHAR    shift, and go to state 3
    VOID    shift, and go to state 4
    BOOL    shift, and go to state 5
    CLASS   shift, and go to state 23
    STRUCT  shift, and go to state 8
    ENUM    shift, and go to state 9
    UNION   shift, and go to state 10
    CONST   shift, and go to state 125

    type_specifier             go to state 126
    type_qualifier             go to state 127
    struct_or_union_specifier  go to state 20
    struct_or_union            go to state 21
    struct_declaration_list    go to state 128
    struct_declaration         go to state 129
    specifier_qualifier_list   go to state 130
    enum_specifier             go to state 22


State 64

   56 opt_access_specifier: PUBLIC •

    $default  reduce using rule 56 (opt_access_specifier)


State 65

   58 opt_access_specifier: PRIVATE •

    $default  reduce using rule 58 (opt_access_specifier)


State 66

   57 opt_access_specifier: PROTECTED •

    $default  reduce using rule 57 (opt_access_specifier)


State 67

   51 opt_base_clause: COLON base_specifier_list •
   53 base_specifier_list: base_specifier_list • COMMA base_specifier

    COMMA  shift, and go to state 131

    $default  reduce using rule 51 (opt_base_clause)


State 68

   52 base_specifier_list: base_specifier •

    $default  reduce using rule 52 (base_specifier_list)


State 69

   54 base_specifier: opt_access_specifier • IDENTIFIER

    IDENTIFIER  shift, and go to state 132


State 70

   49 class_declaration: CLASS IDENTIFIER opt_base_clause LBRACE • class_body RBRACE SEMICOLON

    $default  reduce using rule 59 (class_body)

    class_body  go to state 133


State 71

  173 enumerator: IDENTIFIER ASSIGN • constant_expression

    SIZEOF           shift, and go to state 83
    NULL_LITERAL     shift, and go to state 84
    INCREMENT        shift, and go to state 85
    DECREMENT        shift, and go to state 86
    PLUS             shift, and go to state 87
    MINUS            shift, and go to state 88
    STAR             shift, and go to state 89
    LOGICAL_NOT      shift, and go to state 90
    BIT_AND          shift, and go to state 91
    BIT_NOT          shift, and go to state 92
    LPAREN           shift, and go to state 94
    IDENTIFIER       shift, and go to state 95
    INT_LITERAL      shift, and go to state 96
    BOOLEAN_LITERAL  shift, and go to state 97
    FLOAT_LITERAL    shift, and go to state 98
    STRING_LITERAL   shift, and go to state 99
    CHAR_LITERAL     shift, and go to state 100

    primary_expression         go to state 102
    postfix_expression         go to state 103
    unary_expression           go to state 134
    unary_operator             go to state 105
    cast_expression            go to state 106
    multiplicative_expression  go to state 107
    additive_expression        go to state 108
    shift_expression           go to state 109
    relational_expression      go to state 110
    equality_expression        go to state 111
    and_expression             go to state 112
    exclusive_or_expression    go to state 113
    inclusive_or_expression    go to state 114
    logical_and_expression     go to state 115
    logical_or_expression      go to state 116
    conditional_expression     go to state 135
    constant_expression        go to state 136


State 72

  171 enumerator_list: enumerator_list COMMA • enumerator

    IDENTIFIER  shift, and go to state 47

    enumerator  go to state 137


State 73

  167 enum_specifier: ENUM LBRACE enumerator_list RBRACE •

    $default  reduce using rule 167 (enum_specifier)


State 74

  168 enum_specifier: ENUM IDENTIFIER LBRACE enumerator_list • RBRACE
  171 enumerator_list: enumerator_list • COMMA enumerator

    COMMA   shift, and go to state 72
    RBRACE  shift, and go to state 138


State 75

   35 fun_direct_declarator: IDENTIFIER LPAREN RPAREN •

    $default  reduce using rule 35 (fun_direct_declarator)


State 76

   48 parameter_declaration: return_types • declarator

    STAR        shift, and go to state 32
    BIT_AND     shift, and go to state 33
    IDENTIFIER  shift, and go to state 80

    declarator         go to state 139
    direct_declarator  go to state 39
    pointer            go to state 82


State 77

   36 fun_direct_declarator: IDENTIFIER LPAREN parameter_type_list • RPAREN

    RPAREN  shift, and go to state 140


State 78

   34 fun_direct_declarator: IDENTIFIER LPAREN parameter_list • RPAREN
   44 parameter_type_list: parameter_list •
   45                    | parameter_list • COMMA ELLIPSIS
   47 parameter_list: parameter_list • COMMA parameter_declaration

    COMMA   shift, and go to state 141
    RPAREN  shift, and go to state 142

    RPAREN  [reduce using rule 44 (parameter_type_list)]


State 79

   46 parameter_list: parameter_declaration •

    $default  reduce using rule 46 (parameter_list)


State 80

   29 direct_declarator: IDENTIFIER •

    $default  reduce using rule 29 (direct_declarator)


State 81

   24 init_declarator_list: init_declarator_list COMMA init_declarator •

    $default  reduce using rule 24 (init_declarator_list)


State 82

   27 declarator: pointer • direct_declarator

    IDENTIFIER  shift, and go to state 80

    direct_declarator  go to state 61


State 83

   95 unary_expression: SIZEOF • unary_expression
   96                 | SIZEOF • LPAREN type_name RPAREN

    SIZEOF           shift, and go to state 83
    NULL_LITERAL     shift, and go to state 84
    INCREMENT        shift, and go to state 85
    DECREMENT        shift, and go to state 86
    PLUS             shift, and go to state 87
    MINUS            shift, and go to state 88
    STAR             shift, and go to state 89
    LOGICAL_NOT      shift, and go to state 90
    BIT_AND          shift, and go to state 91
    BIT_NOT          shift, and go to state 92
    LPAREN           shift, and go to state 143
    IDENTIFIER       shift, and go to state 95
    INT_LITERAL      shift, and go to state 96
    BOOLEAN_LITERAL  shift, and go to state 97
    FLOAT_LITERAL    shift, and go to state 98
    STRING_LITERAL   shift, and go to state 99
    CHAR_LITERAL     shift, and go to state 100

    primary_expression  go to state 102
    postfix_expression  go to state 103
    unary_expression    go to state 144
    unary_operator      go to state 105


State 84

   78 primary_expression: NULL_LITERAL •

    $default  reduce using rule 78 (primary_expression)


State 85

   92 unary_expression: INCREMENT • unary_expression

    SIZEOF           shift, and go to state 83
    NULL_LITERAL     shift, and go to state 84
    INCREMENT        shift, and go to state 85
    DECREMENT        shift, and go to state 86
    PLUS             shift, and go to state 87
    MINUS            shift, and go to state 88
    STAR             shift, and go to state 89
    LOGICAL_NOT      shift, and go to state 90
    BIT_AND          shift, and go to state 91
    BIT_NOT          shift, and go to state 92
    LPAREN           shift, and go to state 145
    IDENTIFIER       shift, and go to state 95
    INT_LITERAL      shift, and go to state 96
    BOOLEAN_LITERAL  shift, and go to state 97
    FLOAT_LITERAL    shift, and go to state 98
    STRING_LITERAL   shift, and go to state 99
    CHAR_LITERAL     shift, and go to state 100

    primary_expression  go to state 102
    postfix_expression  go to state 103
    unary_expression    go to state 146
    unary_operator      go to state 105


State 86

   93 unary_expression: DECREMENT • unary_expression

    SIZEOF           shift, and go to state 83
    NULL_LITERAL     shift, and go to state 84
    INCREMENT        shift, and go to state 85
    DECREMENT        shift, and go to state 86
    PLUS             shift, and go to state 87
    MINUS            shift, and go to state 88
    STAR             shift, and go to state 89
    LOGICAL_NOT      shift, and go to state 90
    BIT_AND          shift, and go to state 91
    BIT_NOT          shift, and go to state 92
    LPAREN           shift, and go to state 145
    IDENTIFIER       shift, and go to state 95
    INT_LITERAL      shift, and go to state 96
    BOOLEAN_LITERAL  shift, and go to state 97
    FLOAT_LITERAL    shift, and go to state 98
    STRING_LITERAL   shift, and go to state 99
    CHAR_LITERAL     shift, and go to state 100

    primary_expression  go to state 102
    postfix_expression  go to state 103
    unary_expression    go to state 147
    unary_operator      go to state 105


State 87

   99 unary_operator: PLUS •

    $default  reduce using rule 99 (unary_operator)


State 88

  100 unary_operator: MINUS •

    $default  reduce using rule 100 (unary_operator)


State 89

   98 unary_operator: STAR •

    $default  reduce using rule 98 (unary_operator)


State 90

  102 unary_operator: LOGICAL_NOT •

    $default  reduce using rule 102 (unary_operator)


State 91

   97 unary_operator: BIT_AND •

    $default  reduce using rule 97 (unary_operator)


State 92

  101 unary_operator: BIT_NOT •

    $default  reduce using rule 101 (unary_operator)


State 93

   40 initializer: LBRACE • initializer_list RBRACE
   41            | LBRACE • initializer_list COMMA RBRACE

    SIZEOF           shift, and go to state 83
    NULL_LITERAL     shift, and go to state 84
    INCREMENT        shift, and go to state 85
    DECREMENT        shift, and go to state 86
    PLUS             shift, and go to state 87
    MINUS            shift, and go to state 88
    STAR             shift, and go to state 89
    LOGICAL_NOT      shift, and go to state 90
    BIT_AND          shift, and go to state 91
    BIT_NOT          shift, and go to state 92
    LBRACE           shift, and go to state 93
    LPAREN           shift, and go to state 94
    IDENTIFIER       shift, and go to state 95
    INT_LITERAL      shift, and go to state 96
    BOOLEAN_LITERAL  shift, and go to state 97
    FLOAT_LITERAL    shift, and go to state 98
    STRING_LITERAL   shift, and go to state 99
    CHAR_LITERAL     shift, and go to state 100

    initializer                go to state 148
    initializer_list           go to state 149
    primary_expression         go to state 102
    postfix_expression         go to state 103
    unary_expression           go to state 104
    unary_operator             go to state 105
    cast_expression            go to state 106
    multiplicative_expression  go to state 107
    additive_expression        go to state 108
    shift_expression           go to state 109
    relational_expression      go to state 110
    equality_expression        go to state 111
    and_expression             go to state 112
    exclusive_or_expression    go to state 113
    inclusive_or_expression    go to state 114
    logical_and_expression     go to state 115
    logical_or_expression      go to state 116
    conditional_expression     go to state 117
    assignment_expression      go to state 118


State 94

   80 primary_expression: LPAREN • expression RPAREN
  104 cast_expression: LPAREN • type_name RPAREN cast_expression

    INT              shift, and go to state 1
    FLOAT            shift, and go to state 2
    CHAR             shift, and go to state 3
    VOID             shift, and go to state 4
    BOOL             shift, and go to state 5
    SIZEOF           shift, and go to state 83
    CLASS            shift, and go to state 23
    NULL_LITERAL     shift, and go to state 84
    INCREMENT        shift, and go to state 85
    DECREMENT        shift, and go to state 86
    PLUS             shift, and go to state 87
    MINUS            shift, and go to state 88
    STAR             shift, and go to state 89
    LOGICAL_NOT      shift, and go to state 90
    BIT_AND          shift, and go to state 91
    BIT_NOT          shift, and go to state 92
    LPAREN           shift, and go to state 94
    STRUCT           shift, and go to state 8
    IDENTIFIER       shift, and go to state 95
    INT_LITERAL      shift, and go to state 96
    BOOLEAN_LITERAL  shift, and go to state 97
    FLOAT_LITERAL    shift, and go to state 98
    STRING_LITERAL   shift, and go to state 99
    CHAR_LITERAL     shift, and go to state 100
    ENUM             shift, and go to state 9
    UNION            shift, and go to state 10
    CONST            shift, and go to state 125

    type_specifier             go to state 126
    type_qualifier             go to state 127
    primary_expression         go to state 102
    postfix_expression         go to state 103
    unary_expression           go to state 104
    unary_operator             go to state 105
    cast_expression            go to state 106
    multiplicative_expression  go to state 107
    additive_expression        go to state 108
    shift_expression           go to state 109
    relational_expression      go to state 110
    equality_expression        go to state 111
    and_expression             go to state 112
    exclusive_or_expression    go to state 113
    inclusive_or_expression    go to state 114
    logical_and_expression     go to state 115
    logical_or_expression      go to state 116
    conditional_expression     go to state 117
    assignment_expression      go to state 150
    expression                 go to state 151
    struct_or_union_specifier  go to state 20
    struct_or_union            go to state 21
    specifier_qualifier_list   go to state 152
    enum_specifier             go to state 22
    type_name                  go to state 153


State 95

   73 primary_expression: IDENTIFIER •

    $default  reduce using rule 73 (primary_expression)


State 96

   74 primary_expression: INT_LITERAL •

    $default  reduce using rule 74 (primary_expression)


State 97

   79 primary_expression: BOOLEAN_LITERAL •

    $default  reduce using rule 79 (primary_expression)


State 98

   75 primary_expression: FLOAT_LITERAL •

    $default  reduce using rule 75 (primary_expression)


State 99

   77 primary_expression: STRING_LITERAL •

    $default  reduce using rule 77 (primary_expression)


State 100

   76 primary_expression: CHAR_LITERAL •

    $default  reduce using rule 76 (primary_expression)


State 101

   26 init_declarator: declarator ASSIGN initializer •

    $default  reduce using rule 26 (init_declarator)


State 102

   81 postfix_expression: primary_expression •

    $default  reduce using rule 81 (postfix_expression)


State 103

   82 postfix_expression: postfix_expression • LBRACKET expression RBRACKET
   83                   | postfix_expression • LPAREN RPAREN
   84                   | postfix_expression • LPAREN argument_expression_list RPAREN
   85                   | postfix_expression • DOT IDENTIFIER
   86                   | postfix_expression • ARROW IDENTIFIER
   87                   | postfix_expression • INCREMENT
   88                   | postfix_expression • DECREMENT
   91 unary_expression: postfix_expression •

    INCREMENT  shift, and go to state 154
    DECREMENT  shift, and go to state 155
    ARROW      shift, and go to state 156
    DOT        shift, and go to state 157
    LPAREN     shift, and go to state 158
    LBRACKET   shift, and go to state 159

    $default  reduce using rule 91 (unary_expression)


State 104

  103 cast_expression: unary_expression •
  135 assignment_expression: unary_expression • assignment_operator assignment_expression

    ASSIGN        shift, and go to state 160
    MUL_ASSIGN    shift, and go to state 161
    DIV_ASSIGN    shift, and go to state 162
    MOD_ASSIGN    shift, and go to state 163
    ADD_ASSIGN    shift, and go to state 164
    SUB_ASSIGN    shift, and go to state 165
    LEFT_ASSIGN   shift, and go to state 166
    RIGHT_ASSIGN  shift, and go to state 167
    AND_ASSIGN    shift, and go to state 168
    XOR_ASSIGN    shift, and go to state 169
    OR_ASSIGN     shift, and go to state 170

    $default  reduce using rule 103 (cast_expression)

    assignment_operator  go to state 171


State 105

   94 unary_expression: unary_operator • cast_expression

    SIZEOF           shift, and go to state 83
    NULL_LITERAL     shift, and go to state 84
    INCREMENT        shift, and go to state 85
    DECREMENT        shift, and go to state 86
    PLUS             shift, and go to state 87
    MINUS            shift, and go to state 88
    STAR             shift, and go to state 89
    LOGICAL_NOT      shift, and go to state 90
    BIT_AND          shift, and go to state 91
    BIT_NOT          shift, and go to state 92
    LPAREN           shift, and go to state 94
    IDENTIFIER       shift, and go to state 95
    INT_LITERAL      shift, and go to state 96
    BOOLEAN_LITERAL  shift, and go to state 97
    FLOAT_LITERAL    shift, and go to state 98
    STRING_LITERAL   shift, and go to state 99
    CHAR_LITERAL     shift, and go to state 100

    primary_expression  go to state 102
    postfix_expression  go to state 103
    unary_expression    go to state 134
    unary_operator      go to state 105
    cast_expression     go to state 172


State 106

  105 multiplicative_expression: cast_expression •

    $default  reduce using rule 105 (multiplicative_expression)


State 107

  106 multiplicative_expression: multiplicative_expression • STAR cast_expression
  107                          | multiplicative_expression • DIVIDE cast_expression
  108                          | multiplicative_expression • MOD cast_expression
  109 additive_expression: multiplicative_expression •

    STAR    shift, and go to state 173
    DIVIDE  shift, and go to state 174
    MOD     shift, and go to state 175

    $default  reduce using rule 109 (additive_expression)


State 108

  110 additive_expression: additive_expression • PLUS multiplicative_expression
  111                    | additive_expression • MINUS multiplicative_expression
  112 shift_expression: additive_expression •

    PLUS   shift, and go to state 176
    MINUS  shift, and go to state 177

    $default  reduce using rule 112 (shift_expression)


State 109

  113 shift_expression: shift_expression • LEFT_SHIFT additive_expression
  114                 | shift_expression • RIGHT_SHIFT additive_expression
  115 relational_expression: shift_expression •

    LEFT_SHIFT   shift, and go to state 178
    RIGHT_SHIFT  shift, and go to state 179

    $default  reduce using rule 115 (relational_expression)


State 110

  116 relational_expression: relational_expression • LT shift_expression
  117                      | relational_expression • GT shift_expression
  118                      | relational_expression • LE shift_expression
  119                      | relational_expression • GE shift_expression
  120 equality_expression: relational_expression •

    LE  shift, and go to state 180
    GE  shift, and go to state 181
    LT  shift, and go to state 182
    GT  shift, and go to state 183

    $default  reduce using rule 120 (equality_expression)


State 111

  121 equality_expression: equality_expression • EQ relational_expression
  122                    | equality_expression • NEQ relational_expression
  123 and_expression: equality_expression •

    EQ   shift, and go to state 184
    NEQ  shift, and go to state 185

    $default  reduce using rule 123 (and_expression)


State 112

  124 and_expression: and_expression • BIT_AND equality_expression
  125 exclusive_or_expression: and_expression •

    BIT_AND  shift, and go to state 186

    $default  reduce using rule 125 (exclusive_or_expression)


State 113

  126 exclusive_or_expression: exclusive_or_expression • BIT_XOR and_expression
  127 inclusive_or_expression: exclusive_or_expression •

    BIT_XOR  shift, and go to state 187

    $default  reduce using rule 127 (inclusive_or_expression)


State 114

  128 inclusive_or_expression: inclusive_or_expression • BIT_OR exclusive_or_expression
  129 logical_and_expression: inclusive_or_expression •

    BIT_OR  shift, and go to state 188

    $default  reduce using rule 129 (logical_and_expression)


State 115

  130 logical_and_expression: logical_and_expression • LOGICAL_AND inclusive_or_expression
  131 logical_or_expression: logical_and_expression •

    LOGICAL_AND  shift, and go to state 189

    $default  reduce using rule 131 (logical_or_expression)


State 116

  132 logical_or_expression: logical_or_expression • LOGICAL_OR logical_and_expression
  133 conditional_expression: logical_or_expression •

    LOGICAL_OR  shift, and go to state 190

    $default  reduce using rule 133 (conditional_expression)


State 117

  134 assignment_expression: conditional_expression •

    $default  reduce using rule 134 (assignment_expression)


State 118

   39 initializer: assignment_expression •

    $default  reduce using rule 39 (initializer)


State 119

   31 direct_declarator: direct_declarator LBRACKET RBRACKET •

    $default  reduce using rule 31 (direct_declarator)


State 120

   30 direct_declarator: direct_declarator LBRACKET INT_LITERAL • RBRACKET

    RBRACKET  shift, and go to state 191


State 121

  190 compound_statement: LBRACE $@1 • RBRACE

    RBRACE  shift, and go to state 192


State 122

  192 compound_statement: LBRACE $@2 • statement_list RBRACE

    error            shift, and go to state 193
    IF               shift, and go to state 194
    FOR              shift, and go to state 195
    WHILE            shift, and go to state 196
    DO               shift, and go to state 197
    UNTIL            shift, and go to state 198
    BREAK            shift, and go to state 199
    CONTINUE         shift, and go to state 200
    SWITCH           shift, and go to state 201
    CASE             shift, and go to state 202
    DEFAULT          shift, and go to state 203
    SIZEOF           shift, and go to state 83
    GOTO             shift, and go to state 204
    NULL_LITERAL     shift, and go to state 84
    INCREMENT        shift, and go to state 85
    DECREMENT        shift, and go to state 86
    PLUS             shift, and go to state 87
    MINUS            shift, and go to state 88
    STAR             shift, and go to state 89
    LOGICAL_NOT      shift, and go to state 90
    BIT_AND          shift, and go to state 91
    BIT_NOT          shift, and go to state 92
    SEMICOLON        shift, and go to state 205
    LBRACE           shift, and go to state 59
    LPAREN           shift, and go to state 94
    RETURN           shift, and go to state 206
    IDENTIFIER       shift, and go to state 207
    INT_LITERAL      shift, and go to state 96
    BOOLEAN_LITERAL  shift, and go to state 97
    FLOAT_LITERAL    shift, and go to state 98
    STRING_LITERAL   shift, and go to state 99
    CHAR_LITERAL     shift, and go to state 100

    primary_expression         go to state 102
    postfix_expression         go to state 103
    unary_expression           go to state 104
    unary_operator             go to state 105
    cast_expression            go to state 106
    multiplicative_expression  go to state 107
    additive_expression        go to state 108
    shift_expression           go to state 109
    relational_expression      go to state 110
    equality_expression        go to state 111
    and_expression             go to state 112
    exclusive_or_expression    go to state 113
    inclusive_or_expression    go to state 114
    logical_and_expression     go to state 115
    logical_or_expression      go to state 116
    conditional_expression     go to state 117
    assignment_expression      go to state 150
    expression                 go to state 208
    statement                  go to state 209
    labeled_statement          go to state 210
    compound_statement         go to state 211
    statement_list             go to state 212
    expression_statement       go to state 213
    selection_statement        go to state 214
    iteration_statement        go to state 215
    jump_statement             go to state 216


State 123

  194 compound_statement: LBRACE $@3 • declaration_list RBRACE

    INT     shift, and go to state 1
    FLOAT   shift, and go to state 2
    CHAR    shift, and go to state 3
    VOID    shift, and go to state 4
    BOOL    shift, and go to state 5
    STATIC  shift, and go to state 6
    CLASS   shift, and go to state 23
    STRUCT  shift, and go to state 8
    ENUM    shift, and go to state 9
    UNION   shift, and go to state 10
    CONST   shift, and go to state 11

    declaration                go to state 217
    return_types               go to state 218
    declaration_specifiers     go to state 17
    type_specifier             go to state 18
    declaration_list           go to state 219
    struct_or_union_specifier  go to state 20
    struct_or_union            go to state 21
    enum_specifier             go to state 22


State 124

  196 compound_statement: LBRACE $@4 • declaration_list statement_list RBRACE

    INT     shift, and go to state 1
    FLOAT   shift, and go to state 2
    CHAR    shift, and go to state 3
    VOID    shift, and go to state 4
    BOOL    shift, and go to state 5
    STATIC  shift, and go to state 6
    CLASS   shift, and go to state 23
    STRUCT  shift, and go to state 8
    ENUM    shift, and go to state 9
    UNION   shift, and go to state 10
    CONST   shift, and go to state 11

    declaration                go to state 217
    return_types               go to state 218
    declaration_specifiers     go to state 17
    type_specifier             go to state 18
    declaration_list           go to state 220
    struct_or_union_specifier  go to state 20
    struct_or_union            go to state 21
    enum_specifier             go to state 22


State 125

   22 type_qualifier: CONST •

    $default  reduce using rule 22 (type_qualifier)


State 126

  158 specifier_qualifier_list: type_specifier • specifier_qualifier_list
  159                         | type_specifier •

    INT     shift, and go to state 1
    FLOAT   shift, and go to state 2
    CHAR    shift, and go to state 3
    VOID    shift, and go to state 4
    BOOL    shift, and go to state 5
    CLASS   shift, and go to state 23
    STRUCT  shift, and go to state 8
    ENUM    shift, and go to state 9
    UNION   shift, and go to state 10
    CONST   shift, and go to state 125

    $default  reduce using rule 159 (specifier_qualifier_list)

    type_specifier             go to state 126
    type_qualifier             go to state 127
    struct_or_union_specifier  go to state 20
    struct_or_union            go to state 21
    specifier_qualifier_list   go to state 221
    enum_specifier             go to state 22


State 127

  160 specifier_qualifier_list: type_qualifier • specifier_qualifier_list
  161                         | type_qualifier •

    INT     shift, and go to state 1
    FLOAT   shift, and go to state 2
    CHAR    shift, and go to state 3
    VOID    shift, and go to state 4
    BOOL    shift, and go to state 5
    CLASS   shift, and go to state 23
    STRUCT  shift, and go to state 8
    ENUM    shift, and go to state 9
    UNION   shift, and go to state 10
    CONST   shift, and go to state 125

    $default  reduce using rule 161 (specifier_qualifier_list)

    type_specifier             go to state 126
    type_qualifier             go to state 127
    struct_or_union_specifier  go to state 20
    struct_or_union            go to state 21
    specifier_qualifier_list   go to state 222
    enum_specifier             go to state 22


State 128

  150 struct_or_union_specifier: struct_or_union IDENTIFIER LBRACE struct_declaration_list • RBRACE
  156 struct_declaration_list: struct_declaration_list • struct_declaration

    INT     shift, and go to state 1
    FLOAT   shift, and go to state 2
    CHAR    shift, and go to state 3
    VOID    shift, and go to state 4
    BOOL    shift, and go to state 5
    CLASS   shift, and go to state 23
    RBRACE  shift, and go to state 223
    STRUCT  shift, and go to state 8
    ENUM    shift, and go to state 9
    UNION   shift, and go to state 10
    CONST   shift, and go to state 125

    type_specifier             go to state 126
    type_qualifier             go to state 127
    struct_or_union_specifier  go to state 20
    struct_or_union            go to state 21
    struct_declaration         go to state 224
    specifier_qualifier_list   go to state 130
    enum_specifier             go to state 22


State 129

  155 struct_declaration_list: struct_declaration •

    $default  reduce using rule 155 (struct_declaration_list)


State 130

  157 struct_declaration: specifier_qualifier_list • struct_declarator_list SEMICOLON

    STAR        shift, and go to state 32
    BIT_AND     shift, and go to state 33
    COLON       shift, and go to state 225
    IDENTIFIER  shift, and go to state 80

    declarator              go to state 226
    direct_declarator       go to state 39
    struct_declarator_list  go to state 227
    struct_declarator       go to state 228
    pointer                 go to state 82


State 131

   53 base_specifier_list: base_specifier_list COMMA • base_specifier

    PUBLIC     shift, and go to state 64
    PRIVATE    shift, and go to state 65
    PROTECTED  shift, and go to state 66

    $default  reduce using rule 55 (opt_access_specifier)

    base_specifier        go to state 229
    opt_access_specifier  go to state 69


State 132

   54 base_specifier: opt_access_specifier IDENTIFIER •

    $default  reduce using rule 54 (base_specifier)


State 133

   49 class_declaration: CLASS IDENTIFIER opt_base_clause LBRACE class_body • RBRACE SEMICOLON
   60 class_body: class_body • member_declaration

    error            shift, and go to state 193
    INT              shift, and go to state 1
    FLOAT            shift, and go to state 2
    CHAR             shift, and go to state 3
    VOID             shift, and go to state 4
    BOOL             shift, and go to state 5
    IF               shift, and go to state 194
    FOR              shift, and go to state 195
    WHILE            shift, and go to state 196
    DO               shift, and go to state 197
    UNTIL            shift, and go to state 198
    BREAK            shift, and go to state 199
    CONTINUE         shift, and go to state 200
    SWITCH           shift, and go to state 201
    CASE             shift, and go to state 202
    DEFAULT          shift, and go to state 203
    SIZEOF           shift, and go to state 83
    STATIC           shift, and go to state 6
    GOTO             shift, and go to state 204
    CLASS            shift, and go to state 7
    PUBLIC           shift, and go to state 230
    PRIVATE          shift, and go to state 231
    PROTECTED        shift, and go to state 232
    NULL_LITERAL     shift, and go to state 84
    INCREMENT        shift, and go to state 85
    DECREMENT        shift, and go to state 86
    PLUS             shift, and go to state 87
    MINUS            shift, and go to state 88
    STAR             shift, and go to state 89
    LOGICAL_NOT      shift, and go to state 90
    BIT_AND          shift, and go to state 91
    BIT_NOT          shift, and go to state 233
    SEMICOLON        shift, and go to state 205
    LBRACE           shift, and go to state 59
    RBRACE           shift, and go to state 234
    LPAREN           shift, and go to state 94
    STRUCT           shift, and go to state 8
    RETURN           shift, and go to state 206
    IDENTIFIER       shift, and go to state 235
    INT_LITERAL      shift, and go to state 96
    BOOLEAN_LITERAL  shift, and go to state 97
    FLOAT_LITERAL    shift, and go to state 98
    STRING_LITERAL   shift, and go to state 99
    CHAR_LITERAL     shift, and go to state 100
    ENUM             shift, and go to state 9
    UNION            shift, and go to state 10
    CONST            shift, and go to state 11

    function_definition        go to state 236
    declaration                go to state 237
    return_types               go to state 16
    declaration_specifiers     go to state 17
    type_specifier             go to state 18
    class_declaration          go to state 238
    member_declaration         go to state 239
    constructor_declaration    go to state 240
    destructor_declaration     go to state 241
    access_label               go to state 242
    primary_expression         go to state 102
    postfix_expression         go to state 103
    unary_expression           go to state 104
    unary_operator             go to state 105
    cast_expression            go to state 106
    multiplicative_expression  go to state 107
    additive_expression        go to state 108
    shift_expression           go to state 109
    relational_expression      go to state 110
    equality_expression        go to state 111
    and_expression             go to state 112
    exclusive_or_expression    go to state 113
    inclusive_or_expression    go to state 114
    logical_and_expression     go to state 115
    logical_or_expression      go to state 116
    conditional_expression     go to state 117
    assignment_expression      go to state 150
    expression                 go to state 208
    struct_or_union_specifier  go to state 20
    struct_or_union            go to state 21
    enum_specifier             go to state 22
    statement                  go to state 209
    labeled_statement          go to state 210
    compound_statement         go to state 211
    statement_list             go to state 243
    expression_statement       go to state 213
    selection_statement        go to state 214
    iteration_statement        go to state 215
    jump_statement             go to state 216


State 134

  103 cast_expression: unary_expression •

    $default  reduce using rule 103 (cast_expression)


State 135

  149 constant_expression: conditional_expression •

    $default  reduce using rule 149 (constant_expression)


State 136

  173 enumerator: IDENTIFIER ASSIGN constant_expression •

    $default  reduce using rule 173 (enumerator)


State 137

  171 enumerator_list: enumerator_list COMMA enumerator •

    $default  reduce using rule 171 (enumerator_list)


State 138

  168 enum_specifier: ENUM IDENTIFIER LBRACE enumerator_list RBRACE •

    $default  reduce using rule 168 (enum_specifier)


State 139

   48 parameter_declaration: return_types declarator •

    $default  reduce using rule 48 (parameter_declaration)


State 140

   36 fun_direct_declarator: IDENTIFIER LPAREN parameter_type_list RPAREN •

    $default  reduce using rule 36 (fun_direct_declarator)


State 141

   45 parameter_type_list: parameter_list COMMA • ELLIPSIS
   47 parameter_list: parameter_list COMMA • parameter_declaration

    INT       shift, and go to state 1
    FLOAT     shift, and go to state 2
    CHAR      shift, and go to state 3
    VOID      shift, and go to state 4
    BOOL      shift, and go to state 5
    STATIC    shift, and go to state 6
    CLASS     shift, and go to state 23
    STRUCT    shift, and go to state 8
    ENUM      shift, and go to state 9
    UNION     shift, and go to state 10
    ELLIPSIS  shift, and go to state 244
    CONST     shift, and go to state 11

    return_types               go to state 76
    declaration_specifiers     go to state 17
    type_specifier             go to state 18
    parameter_declaration      go to state 245
    struct_or_union_specifier  go to state 20
    struct_or_union            go to state 21
    enum_specifier             go to state 22


State 142

   34 fun_direct_declarator: IDENTIFIER LPAREN parameter_list RPAREN •

    $default  reduce using rule 34 (fun_direct_declarator)


State 143

   80 primary_expression: LPAREN • expression RPAREN
   96 unary_expression: SIZEOF LPAREN • type_name RPAREN

    INT              shift, and go to state 1
    FLOAT            shift, and go to state 2
    CHAR             shift, and go to state 3
    VOID             shift, and go to state 4
    BOOL             shift, and go to state 5
    SIZEOF           shift, and go to state 83
    CLASS            shift, and go to state 23
    NULL_LITERAL     shift, and go to state 84
    INCREMENT        shift, and go to state 85
    DECREMENT        shift, and go to state 86
    PLUS             shift, and go to state 87
    MINUS            shift, and go to state 88
    STAR             shift, and go to state 89
    LOGICAL_NOT      shift, and go to state 90
    BIT_AND          shift, and go to state 91
    BIT_NOT          shift, and go to state 92
    LPAREN           shift, and go to state 94
    STRUCT           shift, and go to state 8
    IDENTIFIER       shift, and go to state 95
    INT_LITERAL      shift, and go to state 96
    BOOLEAN_LITERAL  shift, and go to state 97
    FLOAT_LITERAL    shift, and go to state 98
    STRING_LITERAL   shift, and go to state 99
    CHAR_LITERAL     shift, and go to state 100
    ENUM             shift, and go to state 9
    UNION            shift, and go to state 10
    CONST            shift, and go to state 125

    type_specifier             go to state 126
    type_qualifier             go to state 127
    primary_expression         go to state 102
    postfix_expression         go to state 103
    unary_expression           go to state 104
    unary_operator             go to state 105
    cast_expression            go to state 106
    multiplicative_expression  go to state 107
    additive_expression        go to state 108
    shift_expression           go to state 109
    relational_expression      go to state 110
    equality_expression        go to state 111
    and_expression             go to state 112
    exclusive_or_expression    go to state 113
    inclusive_or_expression    go to state 114
    logical_and_expression     go to state 115
    logical_or_expression      go to state 116
    conditional_expression     go to state 117
    assignment_expression      go to state 150
    expression                 go to state 151
    struct_or_union_specifier  go to state 20
    struct_or_union            go to state 21
    specifier_qualifier_list   go to state 152
    enum_specifier             go to state 22
    type_name                  go to state 246


State 144

   95 unary_expression: SIZEOF unary_expression •

    $default  reduce using rule 95 (unary_expression)


State 145

   80 primary_expression: LPAREN • expression RPAREN

    SIZEOF           shift, and go to state 83
    NULL_LITERAL     shift, and go to state 84
    INCREMENT        shift, and go to state 85
    DECREMENT        shift, and go to state 86
    PLUS             shift, and go to state 87
    MINUS            shift, and go to state 88
    STAR             shift, and go to state 89
    LOGICAL_NOT      shift, and go to state 90
    BIT_AND          shift, and go to state 91
    BIT_NOT          shift, and go to state 92
    LPAREN           shift, and go to state 94
    IDENTIFIER       shift, and go to state 95
    INT_LITERAL      shift, and go to state 96
    BOOLEAN_LITERAL  shift, and go to state 97
    FLOAT_LITERAL    shift, and go to state 98
    STRING_LITERAL   shift, and go to state 99
    CHAR_LITERAL     shift, and go to state 100

    primary_expression         go to state 102
    postfix_expression         go to state 103
    unary_expression           go to state 104
    unary_operator             go to state 105
    cast_expression            go to state 106
    multiplicative_expression  go to state 107
    additive_expression        go to state 108
    shift_expression           go to state 109
    relational_expression      go to state 110
    equality_expression        go to state 111
    and_expression             go to state 112
    exclusive_or_expression    go to state 113
    inclusive_or_expression    go to state 114
    logical_and_expression     go to state 115
    logical_or_expression      go to state 116
    conditional_expression     go to state 117
    assignment_expression      go to state 150
    expression                 go to state 151


State 146

   92 unary_expression: INCREMENT unary_expression •

    $default  reduce using rule 92 (unary_expression)


State 147

   93 unary_expression: DECREMENT unary_expression •

    $default  reduce using rule 93 (unary_expression)


State 148

   42 initializer_list: initializer •

    $default  reduce using rule 42 (initializer_list)


State 149

   40 initializer: LBRACE initializer_list • RBRACE
   41            | LBRACE initializer_list • COMMA RBRACE
   43 initializer_list: initializer_list • COMMA initializer

    COMMA   shift, and go to state 247
    RBRACE  shift, and go to state 248


State 150

  147 expression: assignment_expression •

    $default  reduce using rule 147 (expression)


State 151

   80 primary_expression: LPAREN expression • RPAREN
  148 expression: expression • COMMA assignment_expression

    COMMA   shift, and go to state 249
    RPAREN  shift, and go to state 250


State 152

  178 type_name: specifier_qualifier_list •

    $default  reduce using rule 178 (type_name)


State 153

  104 cast_expression: LPAREN type_name • RPAREN cast_expression

    RPAREN  shift, and go to state 251


State 154

   87 postfix_expression: postfix_expression INCREMENT •

    $default  reduce using rule 87 (postfix_expression)


State 155

   88 postfix_expression: postfix_expression DECREMENT •

    $default  reduce using rule 88 (postfix_expression)


State 156

   86 postfix_expression: postfix_expression ARROW • IDENTIFIER

    IDENTIFIER  shift, and go to state 252


State 157

   85 postfix_expression: postfix_expression DOT • IDENTIFIER

    IDENTIFIER  shift, and go to state 253


State 158

   83 postfix_expression: postfix_expression LPAREN • RPAREN
   84                   | postfix_expression LPAREN • argument_expression_list RPAREN

    SIZEOF           shift, and go to state 83
    NULL_LITERAL     shift, and go to state 84
    INCREMENT        shift, and go to state 85
    DECREMENT        shift, and go to state 86
    PLUS             shift, and go to state 87
    MINUS            shift, and go to state 88
    STAR             shift, and go to state 89
    LOGICAL_NOT      shift, and go to state 90
    BIT_AND          shift, and go to state 91
    BIT_NOT          shift, and go to state 92
    LPAREN           shift, and go to state 94
    RPAREN           shift, and go to state 254
    IDENTIFIER       shift, and go to state 95
    INT_LITERAL      shift, and go to state 96
    BOOLEAN_LITERAL  shift, and go to state 97
    FLOAT_LITERAL    shift, and go to state 98
    STRING_LITERAL   shift, and go to state 99
    CHAR_LITERAL     shift, and go to state 100

    primary_expression         go to state 102
    postfix_expression         go to state 103
    argument_expression_list   go to state 255
    unary_expression           go to state 104
    unary_operator             go to state 105
    cast_expression            go to state 106
    multiplicative_expression  go to state 107
    additive_expression        go to state 108
    shift_expression           go to state 109
    relational_expression      go to state 110
    equality_expression        go to state 111
    and_expression             go to state 112
    exclusive_or_expression    go to state 113
    inclusive_or_expression    go to state 114
    logical_and_expression     go to state 115
    logical_or_expression      go to state 116
    conditional_expression     go to state 117
    assignment_expression      go to state 256


State 159

   82 postfix_expression: postfix_expression LBRACKET • expression RBRACKET

    SIZEOF           shift, and go to state 83
    NULL_LITERAL     shift, and go to state 84
    INCREMENT        shift, and go to state 85
    DECREMENT        shift, and go to state 86
    PLUS             shift, and go to state 87
    MINUS            shift, and go to state 88
    STAR             shift, and go to state 89
    LOGICAL_NOT      shift, and go to state 90
    BIT_AND          shift, and go to state 91
    BIT_NOT          shift, and go to state 92
    LPAREN           shift, and go to state 94
    IDENTIFIER       shift, and go to state 95
    INT_LITERAL      shift, and go to state 96
    BOOLEAN_LITERAL  shift, and go to state 97
    FLOAT_LITERAL    shift, and go to state 98
    STRING_LITERAL   shift, and go to state 99
    CHAR_LITERAL     shift, and go to state 100

    primary_expression         go to state 102
    postfix_expression         go to state 103
    unary_expression           go to state 104
    unary_operator             go to state 105
    cast_expression            go to state 106
    multiplicative_expression  go to state 107
    additive_expression        go to state 108
    shift_expression           go to state 109
    relational_expression      go to state 110
    equality_expression        go to state 111
    and_expression             go to state 112
    exclusive_or_expression    go to state 113
    inclusive_or_expression    go to state 114
    logical_and_expression     go to state 115
    logical_or_expression      go to state 116
    conditional_expression     go to state 117
    assignment_expression      go to state 150
    expression                 go to state 257


State 160

  136 assignment_operator: ASSIGN •

    $default  reduce using rule 136 (assignment_operator)


State 161

  137 assignment_operator: MUL_ASSIGN •

    $default  reduce using rule 137 (assignment_operator)


State 162

  138 assignment_operator: DIV_ASSIGN •

    $default  reduce using rule 138 (assignment_operator)


State 163

  139 assignment_operator: MOD_ASSIGN •

    $default  reduce using rule 139 (assignment_operator)


State 164

  140 assignment_operator: ADD_ASSIGN •

    $default  reduce using rule 140 (assignment_operator)


State 165

  141 assignment_operator: SUB_ASSIGN •

    $default  reduce using rule 141 (assignment_operator)


State 166

  142 assignment_operator: LEFT_ASSIGN •

    $default  reduce using rule 142 (assignment_operator)


State 167

  143 assignment_operator: RIGHT_ASSIGN •

    $default  reduce using rule 143 (assignment_operator)


State 168

  144 assignment_operator: AND_ASSIGN •

    $default  reduce using rule 144 (assignment_operator)


State 169

  145 assignment_operator: XOR_ASSIGN •

    $default  reduce using rule 145 (assignment_operator)


State 170

  146 assignment_operator: OR_ASSIGN •

    $default  reduce using rule 146 (assignment_operator)


State 171

  135 assignment_expression: unary_expression assignment_operator • assignment_expression

    SIZEOF           shift, and go to state 83
    NULL_LITERAL     shift, and go to state 84
    INCREMENT        shift, and go to state 85
    DECREMENT        shift, and go to state 86
    PLUS             shift, and go to state 87
    MINUS            shift, and go to state 88
    STAR             shift, and go to state 89
    LOGICAL_NOT      shift, and go to state 90
    BIT_AND          shift, and go to state 91
    BIT_NOT          shift, and go to state 92
    LPAREN           shift, and go to state 94
    IDENTIFIER       shift, and go to state 95
    INT_LITERAL      shift, and go to state 96
    BOOLEAN_LITERAL  shift, and go to state 97
    FLOAT_LITERAL    shift, and go to state 98
    STRING_LITERAL   shift, and go to state 99
    CHAR_LITERAL     shift, and go to state 100

    primary_expression         go to state 102
    postfix_expression         go to state 103
    unary_expression           go to state 104
    unary_operator             go to state 105
    cast_expression            go to state 106
    multiplicative_expression  go to state 107
    additive_expression        go to state 108
    shift_expression           go to state 109
    relational_expression      go to state 110
    equality_expression        go to state 111
    and_expression             go to state 112
    exclusive_or_expression    go to state 113
    inclusive_or_expression    go to state 114
    logical_and_expression     go to state 115
    logical_or_expression      go to state 116
    conditional_expression     go to state 117
    assignment_expression      go to state 258


State 172

   94 unary_expression: unary_operator cast_expression •

    $default  reduce using rule 94 (unary_expression)


State 173

  106 multiplicative_expression: multiplicative_expression STAR • cast_expression

    SIZEOF           shift, and go to state 83
    NULL_LITERAL     shift, and go to state 84
    INCREMENT        shift, and go to state 85
    DECREMENT        shift, and go to state 86
    PLUS             shift, and go to state 87
    MINUS            shift, and go to state 88
    STAR             shift, and go to state 89
    LOGICAL_NOT      shift, and go to state 90
    BIT_AND          shift, and go to state 91
    BIT_NOT          shift, and go to state 92
    LPAREN           shift, and go to state 94
    IDENTIFIER       shift, and go to state 95
    INT_LITERAL      shift, and go to state 96
    BOOLEAN_LITERAL  shift, and go to state 97
    FLOAT_LITERAL    shift, and go to state 98
    STRING_LITERAL   shift, and go to state 99
    CHAR_LITERAL     shift, and go to state 100

    primary_expression  go to state 102
    postfix_expression  go to state 103
    unary_expression    go to state 134
    unary_operator      go to state 105
    cast_expression     go to state 259


State 174

  107 multiplicative_expression: multiplicative_expression DIVIDE • cast_expression

    SIZEOF           shift, and go to state 83
    NULL_LITERAL     shift, and go to state 84
    INCREMENT        shift, and go to state 85
    DECREMENT        shift, and go to state 86
    PLUS             shift, and go to state 87
    MINUS            shift, and go to state 88
    STAR             shift, and go to state 89
    LOGICAL_NOT      shift, and go to state 90
    BIT_AND          shift, and go to state 91
    BIT_NOT          shift, and go to state 92
    LPAREN           shift, and go to state 94
    IDENTIFIER       shift, and go to state 95
    INT_LITERAL      shift, and go to state 96
    BOOLEAN_LITERAL  shift, and go to state 97
    FLOAT_LITERAL    shift, and go to state 98
    STRING_LITERAL   shift, and go to state 99
    CHAR_LITERAL     shift, and go to state 100

    primary_expression  go to state 102
    postfix_expression  go to state 103
    unary_expression    go to state 134
    unary_operator      go to state 105
    cast_expression     go to state 260


State 175

  108 multiplicative_expression: multiplicative_expression MOD • cast_expression

    SIZEOF           shift, and go to state 83
    NULL_LITERAL     shift, and go to state 84
    INCREMENT        shift, and go to state 85
    DECREMENT        shift, and go to state 86
    PLUS             shift, and go to state 87
    MINUS            shift, and go to state 88
    STAR             shift, and go to state 89
    LOGICAL_NOT      shift, and go to state 90
    BIT_AND          shift, and go to state 91
    BIT_NOT          shift, and go to state 92
    LPAREN           shift, and go to state 94
    IDENTIFIER       shift, and go to state 95
    INT_LITERAL      shift, and go to state 96
    BOOLEAN_LITERAL  shift, and go to state 97
    FLOAT_LITERAL    shift, and go to state 98
    STRING_LITERAL   shift, and go to state 99
    CHAR_LITERAL     shift, and go to state 100

    primary_expression  go to state 102
    postfix_expression  go to state 103
    unary_expression    go to state 134
    unary_operator      go to state 105
    cast_expression     go to state 261


State 176

  110 additive_expression: additive_expression PLUS • multiplicative_expression

    SIZEOF           shift, and go to state 83
    NULL_LITERAL     shift, and go to state 84
    INCREMENT        shift, and go to state 85
    DECREMENT        shift, and go to state 86
    PLUS             shift, and go to state 87
    MINUS            shift, and go to state 88
    STAR             shift, and go to state 89
    LOGICAL_NOT      shift, and go to state 90
    BIT_AND          shift, and go to state 91
    BIT_NOT          shift, and go to state 92
    LPAREN           shift, and go to state 94
    IDENTIFIER       shift, and go to state 95
    INT_LITERAL      shift, and go to state 96
    BOOLEAN_LITERAL  shift, and go to state 97
    FLOAT_LITERAL    shift, and go to state 98
    STRING_LITERAL   shift, and go to state 99
    CHAR_LITERAL     shift, and go to state 100

    primary_expression         go to state 102
    postfix_expression         go to state 103
    unary_expression           go to state 134
    unary_operator             go to state 105
    cast_expression            go to state 106
    multiplicative_expression  go to state 262


State 177

  111 additive_expression: additive_expression MINUS • multiplicative_expression

    SIZEOF           shift, and go to state 83
    NULL_LITERAL     shift, and go to state 84
    INCREMENT        shift, and go to state 85
    DECREMENT        shift, and go to state 86
    PLUS             shift, and go to state 87
    MINUS            shift, and go to state 88
    STAR             shift, and go to state 89
    LOGICAL_NOT      shift, and go to state 90
    BIT_AND          shift, and go to state 91
    BIT_NOT          shift, and go to state 92
    LPAREN           shift, and go to state 94
    IDENTIFIER       shift, and go to state 95
    INT_LITERAL      shift, and go to state 96
    BOOLEAN_LITERAL  shift, and go to state 97
    FLOAT_LITERAL    shift, and go to state 98
    STRING_LITERAL   shift, and go to state 99
    CHAR_LITERAL     shift, and go to state 100

    primary_expression         go to state 102
    postfix_expression         go to state 103
    unary_expression           go to state 134
    unary_operator             go to state 105
    cast_expression            go to state 106
    multiplicative_expression  go to state 263


State 178

  113 shift_expression: shift_expression LEFT_SHIFT • additive_expression

    SIZEOF           shift, and go to state 83
    NULL_LITERAL     shift, and go to state 84
    INCREMENT        shift, and go to state 85
    DECREMENT        shift, and go to state 86
    PLUS             shift, and go to state 87
    MINUS            shift, and go to state 88
    STAR             shift, and go to state 89
    LOGICAL_NOT      shift, and go to state 90
    BIT_AND          shift, and go to state 91
    BIT_NOT          shift, and go to state 92
    LPAREN           shift, and go to state 94
    IDENTIFIER       shift, and go to state 95
    INT_LITERAL      shift, and go to state 96
    BOOLEAN_LITERAL  shift, and go to state 97
    FLOAT_LITERAL    shift, and go to state 98
    STRING_LITERAL   shift, and go to state 99
    CHAR_LITERAL     shift, and go to state 100

    primary_expression         go to state 102
    postfix_expression         go to state 103
    unary_expression           go to state 134
    unary_operator             go to state 105
    cast_expression            go to state 106
    multiplicative_expression  go to state 107
    additive_expression        go to state 264


State 179

  114 shift_expression: shift_expression RIGHT_SHIFT • additive_expression

    SIZEOF           shift, and go to state 83
    NULL_LITERAL     shift, and go to state 84
    INCREMENT        shift, and go to state 85
    DECREMENT        shift, and go to state 86
    PLUS             shift, and go to state 87
    MINUS            shift, and go to state 88
    STAR             shift, and go to state 89
    LOGICAL_NOT      shift, and go to state 90
    BIT_AND          shift, and go to state 91
    BIT_NOT          shift, and go to state 92
    LPAREN           shift, and go to state 94
    IDENTIFIER       shift, and go to state 95
    INT_LITERAL      shift, and go to state 96
    BOOLEAN_LITERAL  shift, and go to state 97
    FLOAT_LITERAL    shift, and go to state 98
    STRING_LITERAL   shift, and go to state 99
    CHAR_LITERAL     shift, and go to state 100

    primary_expression         go to state 102
    postfix_expression         go to state 103
    unary_expression           go to state 134
    unary_operator             go to state 105
    cast_expression            go to state 106
    multiplicative_expression  go to state 107
    additive_expression        go to state 265


State 180

  118 relational_expression: relational_expression LE • shift_expression

    SIZEOF           shift, and go to state 83
    NULL_LITERAL     shift, and go to state 84
    INCREMENT        shift, and go to state 85
    DECREMENT        shift, and go to state 86
    PLUS             shift, and go to state 87
    MINUS            shift, and go to state 88
    STAR             shift, and go to state 89
    LOGICAL_NOT      shift, and go to state 90
    BIT_AND          shift, and go to state 91
    BIT_NOT          shift, and go to state 92
    LPAREN           shift, and go to state 94
    IDENTIFIER       shift, and go to state 95
    INT_LITERAL      shift, and go to state 96
    BOOLEAN_LITERAL  shift, and go to state 97
    FLOAT_LITERAL    shift, and go to state 98
    STRING_LITERAL   shift, and go to state 99
    CHAR_LITERAL     shift, and go to state 100

    primary_expression         go to state 102
    postfix_expression         go to state 103
    unary_expression           go to state 134
    unary_operator             go to state 105
    cast_expression            go to state 106
    multiplicative_expression  go to state 107
    additive_expression        go to state 108
    shift_expression           go to state 266


State 181

  119 relational_expression: relational_expression GE • shift_expression

    SIZEOF           shift, and go to state 83
    NULL_LITERAL     shift, and go to state 84
    INCREMENT        shift, and go to state 85
    DECREMENT        shift, and go to state 86
    PLUS             shift, and go to state 87
    MINUS            shift, and go to state 88
    STAR             shift, and go to state 89
    LOGICAL_NOT      shift, and go to state 90
    BIT_AND          shift, and go to state 91
    BIT_NOT          shift, and go to state 92
    LPAREN           shift, and go to state 94
    IDENTIFIER       shift, and go to state 95
    INT_LITERAL      shift, and go to state 96
    BOOLEAN_LITERAL  shift, and go to state 97
    FLOAT_LITERAL    shift, and go to state 98
    STRING_LITERAL   shift, and go to state 99
    CHAR_LITERAL     shift, and go to state 100

    primary_expression         go to state 102
    postfix_expression         go to state 103
    unary_expression           go to state 134
    unary_operator             go to state 105
    cast_expression            go to state 106
    multiplicative_expression  go to state 107
    additive_expression        go to state 108
    shift_expression           go to state 267


State 182

  116 relational_expression: relational_expression LT • shift_expression

    SIZEOF           shift, and go to state 83
    NULL_LITERAL     shift, and go to state 84
    INCREMENT        shift, and go to state 85
    DECREMENT        shift, and go to state 86
    PLUS             shift, and go to state 87
    MINUS            shift, and go to state 88
    STAR             shift, and go to state 89
    LOGICAL_NOT      shift, and go to state 90
    BIT_AND          shift, and go to state 91
    BIT_NOT          shift, and go to state 92
    LPAREN           shift, and go to state 94
    IDENTIFIER       shift, and go to state 95
    INT_LITERAL      shift, and go to state 96
    BOOLEAN_LITERAL  shift, and go to state 97
    FLOAT_LITERAL    shift, and go to state 98
    STRING_LITERAL   shift, and go to state 99
    CHAR_LITERAL     shift, and go to state 100

    primary_expression         go to state 102
    postfix_expression         go to state 103
    unary_expression           go to state 134
    unary_operator             go to state 105
    cast_expression            go to state 106
    multiplicative_expression  go to state 107
    additive_expression        go to state 108
    shift_expression           go to state 268


State 183

  117 relational_expression: relational_expression GT • shift_expression

    SIZEOF           shift, and go to state 83
    NULL_LITERAL     shift, and go to state 84
    INCREMENT        shift, and go to state 85
    DECREMENT        shift, and go to state 86
    PLUS             shift, and go to state 87
    MINUS            shift, and go to state 88
    STAR             shift, and go to state 89
    LOGICAL_NOT      shift, and go to state 90
    BIT_AND          shift, and go to state 91
    BIT_NOT          shift, and go to state 92
    LPAREN           shift, and go to state 94
    IDENTIFIER       shift, and go to state 95
    INT_LITERAL      shift, and go to state 96
    BOOLEAN_LITERAL  shift, and go to state 97
    FLOAT_LITERAL    shift, and go to state 98
    STRING_LITERAL   shift, and go to state 99
    CHAR_LITERAL     shift, and go to state 100

    primary_expression         go to state 102
    postfix_expression         go to state 103
    unary_expression           go to state 134
    unary_operator             go to state 105
    cast_expression            go to state 106
    multiplicative_expression  go to state 107
    additive_expression        go to state 108
    shift_expression           go to state 269


State 184

  121 equality_expression: equality_expression EQ • relational_expression

    SIZEOF           shift, and go to state 83
    NULL_LITERAL     shift, and go to state 84
    INCREMENT        shift, and go to state 85
    DECREMENT        shift, and go to state 86
    PLUS             shift, and go to state 87
    MINUS            shift, and go to state 88
    STAR             shift, and go to state 89
    LOGICAL_NOT      shift, and go to state 90
    BIT_AND          shift, and go to state 91
    BIT_NOT          shift, and go to state 92
    LPAREN           shift, and go to state 94
    IDENTIFIER       shift, and go to state 95
    INT_LITERAL      shift, and go to state 96
    BOOLEAN_LITERAL  shift, and go to state 97
    FLOAT_LITERAL    shift, and go to state 98
    STRING_LITERAL   shift, and go to state 99
    CHAR_LITERAL     shift, and go to state 100

    primary_expression         go to state 102
    postfix_expression         go to state 103
    unary_expression           go to state 134
    unary_operator             go to state 105
    cast_expression            go to state 106
    multiplicative_expression  go to state 107
    additive_expression        go to state 108
    shift_expression           go to state 109
    relational_expression      go to state 270


State 185

  122 equality_expression: equality_expression NEQ • relational_expression

    SIZEOF           shift, and go to state 83
    NULL_LITERAL     shift, and go to state 84
    INCREMENT        shift, and go to state 85
    DECREMENT        shift, and go to state 86
    PLUS             shift, and go to state 87
    MINUS            shift, and go to state 88
    STAR             shift, and go to state 89
    LOGICAL_NOT      shift, and go to state 90
    BIT_AND          shift, and go to state 91
    BIT_NOT          shift, and go to state 92
    LPAREN           shift, and go to state 94
    IDENTIFIER       shift, and go to state 95
    INT_LITERAL      shift, and go to state 96
    BOOLEAN_LITERAL  shift, and go to state 97
    FLOAT_LITERAL    shift, and go to state 98
    STRING_LITERAL   shift, and go to state 99
    CHAR_LITERAL     shift, and go to state 100

    primary_expression         go to state 102
    postfix_expression         go to state 103
    unary_expression           go to state 134
    unary_operator             go to state 105
    cast_expression            go to state 106
    multiplicative_expression  go to state 107
    additive_expression        go to state 108
    shift_expression           go to state 109
    relational_expression      go to state 271


State 186

  124 and_expression: and_expression BIT_AND • equality_expression

    SIZEOF           shift, and go to state 83
    NULL_LITERAL     shift, and go to state 84
    INCREMENT        shift, and go to state 85
    DECREMENT        shift, and go to state 86
    PLUS             shift, and go to state 87
    MINUS            shift, and go to state 88
    STAR             shift, and go to state 89
    LOGICAL_NOT      shift, and go to state 90
    BIT_AND          shift, and go to state 91
    BIT_NOT          shift, and go to state 92
    LPAREN           shift, and go to state 94
    IDENTIFIER       shift, and go to state 95
    INT_LITERAL      shift, and go to state 96
    BOOLEAN_LITERAL  shift, and go to state 97
    FLOAT_LITERAL    shift, and go to state 98
    STRING_LITERAL   shift, and go to state 99
    CHAR_LITERAL     shift, and go to state 100

    primary_expression         go to state 102
    postfix_expression         go to state 103
    unary_expression           go to state 134
    unary_operator             go to state 105
    cast_expression            go to state 106
    multiplicative_expression  go to state 107
    additive_expression        go to state 108
    shift_expression           go to state 109
    relational_expression      go to state 110
    equality_expression        go to state 272


State 187

  126 exclusive_or_expression: exclusive_or_expression BIT_XOR • and_expression

    SIZEOF           shift, and go to state 83
    NULL_LITERAL     shift, and go to state 84
    INCREMENT        shift, and go to state 85
    DECREMENT        shift, and go to state 86
    PLUS             shift, and go to state 87
    MINUS            shift, and go to state 88
    STAR             shift, and go to state 89
    LOGICAL_NOT      shift, and go to state 90
    BIT_AND          shift, and go to state 91
    BIT_NOT          shift, and go to state 92
    LPAREN           shift, and go to state 94
    IDENTIFIER       shift, and go to state 95
    INT_LITERAL      shift, and go to state 96
    BOOLEAN_LITERAL  shift, and go to state 97
    FLOAT_LITERAL    shift, and go to state 98
    STRING_LITERAL   shift, and go to state 99
    CHAR_LITERAL     shift, and go to state 100

    primary_expression         go to state 102
    postfix_expression         go to state 103
    unary_expression           go to state 134
    unary_operator             go to state 105
    cast_expression            go to state 106
    multiplicative_expression  go to state 107
    additive_expression        go to state 108
    shift_expression           go to state 109
    relational_expression      go to state 110
    equality_expression        go to state 111
    and_expression             go to state 273


State 188

  128 inclusive_or_expression: inclusive_or_expression BIT_OR • exclusive_or_expression

    SIZEOF           shift, and go to state 83
    NULL_LITERAL     shift, and go to state 84
    INCREMENT        shift, and go to state 85
    DECREMENT        shift, and go to state 86
    PLUS             shift, and go to state 87
    MINUS            shift, and go to state 88
    STAR             shift, and go to state 89
    LOGICAL_NOT      shift, and go to state 90
    BIT_AND          shift, and go to state 91
    BIT_NOT          shift, and go to state 92
    LPAREN           shift, and go to state 94
    IDENTIFIER       shift, and go to state 95
    INT_LITERAL      shift, and go to state 96
    BOOLEAN_LITERAL  shift, and go to state 97
    FLOAT_LITERAL    shift, and go to state 98
    STRING_LITERAL   shift, and go to state 99
    CHAR_LITERAL     shift, and go to state 100

    primary_expression         go to state 102
    postfix_expression         go to state 103
    unary_expression           go to state 134
    unary_operator             go to state 105
    cast_expression            go to state 106
    multiplicative_expression  go to state 107
    additive_expression        go to state 108
    shift_expression           go to state 109
    relational_expression      go to state 110
    equality_expression        go to state 111
    and_expression             go to state 112
    exclusive_or_expression    go to state 274


State 189

  130 logical_and_expression: logical_and_expression LOGICAL_AND • inclusive_or_expression

    SIZEOF           shift, and go to state 83
    NULL_LITERAL     shift, and go to state 84
    INCREMENT        shift, and go to state 85
    DECREMENT        shift, and go to state 86
    PLUS             shift, and go to state 87
    MINUS            shift, and go to state 88
    STAR             shift, and go to state 89
    LOGICAL_NOT      shift, and go to state 90
    BIT_AND          shift, and go to state 91
    BIT_NOT          shift, and go to state 92
    LPAREN           shift, and go to state 94
    IDENTIFIER       shift, and go to state 95
    INT_LITERAL      shift, and go to state 96
    BOOLEAN_LITERAL  shift, and go to state 97
    FLOAT_LITERAL    shift, and go to state 98
    STRING_LITERAL   shift, and go to state 99
    CHAR_LITERAL     shift, and go to state 100

    primary_expression         go to state 102
    postfix_expression         go to state 103
    unary_expression           go to state 134
    unary_operator             go to state 105
    cast_expression            go to state 106
    multiplicative_expression  go to state 107
    additive_expression        go to state 108
    shift_expression           go to state 109
    relational_expression      go to state 110
    equality_expression        go to state 111
    and_expression             go to state 112
    exclusive_or_expression    go to state 113
    inclusive_or_expression    go to state 275


State 190

  132 logical_or_expression: logical_or_expression LOGICAL_OR • logical_and_expression

    SIZEOF           shift, and go to state 83
    NULL_LITERAL     shift, and go to state 84
    INCREMENT        shift, and go to state 85
    DECREMENT        shift, and go to state 86
    PLUS             shift, and go to state 87
    MINUS            shift, and go to state 88
    STAR             shift, and go to state 89
    LOGICAL_NOT      shift, and go to state 90
    BIT_AND          shift, and go to state 91
    BIT_NOT          shift, and go to state 92
    LPAREN           shift, and go to state 94
    IDENTIFIER       shift, and go to state 95
    INT_LITERAL      shift, and go to state 96
    BOOLEAN_LITERAL  shift, and go to state 97
    FLOAT_LITERAL    shift, and go to state 98
    STRING_LITERAL   shift, and go to state 99
    CHAR_LITERAL     shift, and go to state 100

    primary_expression         go to state 102
    postfix_expression         go to state 103
    unary_expression           go to state 134
    unary_operator             go to state 105
    cast_expression            go to state 106
    multiplicative_expression  go to state 107
    additive_expression        go to state 108
    shift_expression           go to state 109
    relational_expression      go to state 110
    equality_expression        go to state 111
    and_expression             go to state 112
    exclusive_or_expression    go to state 113
    inclusive_or_expression    go to state 114
    logical_and_expression     go to state 276


State 191

   30 direct_declarator: direct_declarator LBRACKET INT_LITERAL RBRACKET •

    $default  reduce using rule 30 (direct_declarator)


State 192

  190 compound_statement: LBRACE $@1 RBRACE •

    $default  reduce using rule 190 (compound_statement)


State 193

  185 statement: error • SEMICOLON

    SEMICOLON  shift, and go to state 277


State 194

  201 selection_statement: IF • LPAREN expression RPAREN statement
  202                    | IF • LPAREN expression RPAREN statement ELSE statement

    LPAREN  shift, and go to state 278


State 195

  207 iteration_statement: FOR • LPAREN expression_statement expression_statement RPAREN statement
  208                    | FOR • LPAREN expression_statement expression_statement expression RPAREN statement

    LPAREN  shift, and go to state 279


State 196

  204 iteration_statement: WHILE • LPAREN expression RPAREN statement

    LPAREN  shift, and go to state 280


State 197

  206 iteration_statement: DO • statement WHILE LPAREN expression RPAREN SEMICOLON

    error            shift, and go to state 193
    IF               shift, and go to state 194
    FOR              shift, and go to state 195
    WHILE            shift, and go to state 196
    DO               shift, and go to state 197
    UNTIL            shift, and go to state 198
    BREAK            shift, and go to state 199
    CONTINUE         shift, and go to state 200
    SWITCH           shift, and go to state 201
    CASE             shift, and go to state 202
    DEFAULT          shift, and go to state 203
    SIZEOF           shift, and go to state 83
    GOTO             shift, and go to state 204
    NULL_LITERAL     shift, and go to state 84
    INCREMENT        shift, and go to state 85
    DECREMENT        shift, and go to state 86
    PLUS             shift, and go to state 87
    MINUS            shift, and go to state 88
    STAR             shift, and go to state 89
    LOGICAL_NOT      shift, and go to state 90
    BIT_AND          shift, and go to state 91
    BIT_NOT          shift, and go to state 92
    SEMICOLON        shift, and go to state 205
    LBRACE           shift, and go to state 59
    LPAREN           shift, and go to state 94
    RETURN           shift, and go to state 206
    IDENTIFIER       shift, and go to state 207
    INT_LITERAL      shift, and go to state 96
    BOOLEAN_LITERAL  shift, and go to state 97
    FLOAT_LITERAL    shift, and go to state 98
    STRING_LITERAL   shift, and go to state 99
    CHAR_LITERAL     shift, and go to state 100

    primary_expression         go to state 102
    postfix_expression         go to state 103
    unary_expression           go to state 104
    unary_operator             go to state 105
    cast_expression            go to state 106
    multiplicative_expression  go to state 107
    additive_expression        go to state 108
    shift_expression           go to state 109
    relational_expression      go to state 110
    equality_expression        go to state 111
    and_expression             go to state 112
    exclusive_or_expression    go to state 113
    inclusive_or_expression    go to state 114
    logical_and_expression     go to state 115
    logical_or_expression      go to state 116
    conditional_expression     go to state 117
    assignment_expression      go to state 150
    expression                 go to state 208
    statement                  go to state 281
    labeled_statement          go to state 210
    compound_statement         go to state 211
    expression_statement       go to state 213
    selection_statement        go to state 214
    iteration_statement        go to state 215
    jump_statement             go to state 216


State 198

  205 iteration_statement: UNTIL • LPAREN expression RPAREN statement

    LPAREN  shift, and go to state 282


State 199

  211 jump_statement: BREAK • SEMICOLON

    SEMICOLON  shift, and go to state 283


State 200

  210 jump_statement: CONTINUE • SEMICOLON

    SEMICOLON  shift, and go to state 284


State 201

  203 selection_statement: SWITCH • LPAREN expression RPAREN statement

    LPAREN  shift, and go to state 285


State 202

  187 labeled_statement: CASE • constant_expression COLON statement

    SIZEOF           shift, and go to state 83
    NULL_LITERAL     shift, and go to state 84
    INCREMENT        shift, and go to state 85
    DECREMENT        shift, and go to state 86
    PLUS             shift, and go to state 87
    MINUS            shift, and go to state 88
    STAR             shift, and go to state 89
    LOGICAL_NOT      shift, and go to state 90
    BIT_AND          shift, and go to state 91
    BIT_NOT          shift, and go to state 92
    LPAREN           shift, and go to state 94
    IDENTIFIER       shift, and go to state 95
    INT_LITERAL      shift, and go to state 96
    BOOLEAN_LITERAL  shift, and go to state 97
    FLOAT_LITERAL    shift, and go to state 98
    STRING_LITERAL   shift, and go to state 99
    CHAR_LITERAL     shift, and go to state 100

    primary_expression         go to state 102
    postfix_expression         go to state 103
    unary_expression           go to state 134
    unary_operator             go to state 105
    cast_expression            go to state 106
    multiplicative_expression  go to state 107
    additive_expression        go to state 108
    shift_expression           go to state 109
    relational_expression      go to state 110
    equality_expression        go to state 111
    and_expression             go to state 112
    exclusive_or_expression    go to state 113
    inclusive_or_expression    go to state 114
    logical_and_expression     go to state 115
    logical_or_expression      go to state 116
    conditional_expression     go to state 135
    constant_expression        go to state 286


State 203

  188 labeled_statement: DEFAULT • COLON statement

    COLON  shift, and go to state 287


State 204

  209 jump_statement: GOTO • IDENTIFIER SEMICOLON

    IDENTIFIER  shift, and go to state 288


State 205

  199 expression_statement: SEMICOLON •

    $default  reduce using rule 199 (expression_statement)


State 206

  212 jump_statement: RETURN • SEMICOLON
  213               | RETURN • expression SEMICOLON

    SIZEOF           shift, and go to state 83
    NULL_LITERAL     shift, and go to state 84
    INCREMENT        shift, and go to state 85
    DECREMENT        shift, and go to state 86
    PLUS             shift, and go to state 87
    MINUS            shift, and go to state 88
    STAR             shift, and go to state 89
    LOGICAL_NOT      shift, and go to state 90
    BIT_AND          shift, and go to state 91
    BIT_NOT          shift, and go to state 92
    SEMICOLON        shift, and go to state 289
    LPAREN           shift, and go to state 94
    IDENTIFIER       shift, and go to state 95
    INT_LITERAL      shift, and go to state 96
    BOOLEAN_LITERAL  shift, and go to state 97
    FLOAT_LITERAL    shift, and go to state 98
    STRING_LITERAL   shift, and go to state 99
    CHAR_LITERAL     shift, and go to state 100

    primary_expression         go to state 102
    postfix_expression         go to state 103
    unary_expression           go to state 104
    unary_operator             go to state 105
    cast_expression            go to state 106
    multiplicative_expression  go to state 107
    additive_expression        go to state 108
    shift_expression           go to state 109
    relational_expression      go to state 110
    equality_expression        go to state 111
    and_expression             go to state 112
    exclusive_or_expression    go to state 113
    inclusive_or_expression    go to state 114
    logical_and_expression     go to state 115
    logical_or_expression      go to state 116
    conditional_expression     go to state 117
    assignment_expression      go to state 150
    expression                 go to state 290


State 207

   73 primary_expression: IDENTIFIER •
  186 labeled_statement: IDENTIFIER • COLON statement

    COLON  shift, and go to state 291

    $default  reduce using rule 73 (primary_expression)


State 208

  148 expression: expression • COMMA assignment_expression
  200 expression_statement: expression • SEMICOLON

    SEMICOLON  shift, and go to state 292
    COMMA      shift, and go to state 249


State 209

  197 statement_list: statement •

    $default  reduce using rule 197 (statement_list)


State 210

  179 statement: labeled_statement •

    $default  reduce using rule 179 (statement)


State 211

  180 statement: compound_statement •

    $default  reduce using rule 180 (statement)


State 212

  192 compound_statement: LBRACE $@2 statement_list • RBRACE
  198 statement_list: statement_list • statement

    error            shift, and go to state 193
    IF               shift, and go to state 194
    FOR              shift, and go to state 195
    WHILE            shift, and go to state 196
    DO               shift, and go to state 197
    UNTIL            shift, and go to state 198
    BREAK            shift, and go to state 199
    CONTINUE         shift, and go to state 200
    SWITCH           shift, and go to state 201
    CASE             shift, and go to state 202
    DEFAULT          shift, and go to state 203
    SIZEOF           shift, and go to state 83
    GOTO             shift, and go to state 204
    NULL_LITERAL     shift, and go to state 84
    INCREMENT        shift, and go to state 85
    DECREMENT        shift, and go to state 86
    PLUS             shift, and go to state 87
    MINUS            shift, and go to state 88
    STAR             shift, and go to state 89
    LOGICAL_NOT      shift, and go to state 90
    BIT_AND          shift, and go to state 91
    BIT_NOT          shift, and go to state 92
    SEMICOLON        shift, and go to state 205
    LBRACE           shift, and go to state 59
    RBRACE           shift, and go to state 293
    LPAREN           shift, and go to state 94
    RETURN           shift, and go to state 206
    IDENTIFIER       shift, and go to state 207
    INT_LITERAL      shift, and go to state 96
    BOOLEAN_LITERAL  shift, and go to state 97
    FLOAT_LITERAL    shift, and go to state 98
    STRING_LITERAL   shift, and go to state 99
    CHAR_LITERAL     shift, and go to state 100

    primary_expression         go to state 102
    postfix_expression         go to state 103
    unary_expression           go to state 104
    unary_operator             go to state 105
    cast_expression            go to state 106
    multiplicative_expression  go to state 107
    additive_expression        go to state 108
    shift_expression           go to state 109
    relational_expression      go to state 110
    equality_expression        go to state 111
    and_expression             go to state 112
    exclusive_or_expression    go to state 113
    inclusive_or_expression    go to state 114
    logical_and_expression     go to state 115
    logical_or_expression      go to state 116
    conditional_expression     go to state 117
    assignment_expression      go to state 150
    expression                 go to state 208
    statement                  go to state 294
    labeled_statement          go to state 210
    compound_statement         go to state 211
    expression_statement       go to state 213
    selection_statement        go to state 214
    iteration_statement        go to state 215
    jump_statement             go to state 216


State 213

  181 statement: expression_statement •

    $default  reduce using rule 181 (statement)


State 214

  182 statement: selection_statement •

    $default  reduce using rule 182 (statement)


State 215

  183 statement: iteration_statement •

    $default  reduce using rule 183 (statement)


State 216

  184 statement: jump_statement •

    $default  reduce using rule 184 (statement)


State 217

   37 declaration_list: declaration •

    $default  reduce using rule 37 (declaration_list)


State 218

    8 declaration: return_types • SEMICOLON
    9            | return_types • init_declarator_list SEMICOLON

    STAR        shift, and go to state 32
    BIT_AND     shift, and go to state 33
    SEMICOLON   shift, and go to state 34
    IDENTIFIER  shift, and go to state 80

    init_declarator_list  go to state 36
    init_declarator       go to state 37
    declarator            go to state 38
    direct_declarator     go to state 39
    pointer               go to state 82


State 219

   38 declaration_list: declaration_list • declaration
  194 compound_statement: LBRACE $@3 declaration_list • RBRACE

    INT     shift, and go to state 1
    FLOAT   shift, and go to state 2
    CHAR    shift, and go to state 3
    VOID    shift, and go to state 4
    BOOL    shift, and go to state 5
    STATIC  shift, and go to state 6
    CLASS   shift, and go to state 23
    RBRACE  shift, and go to state 295
    STRUCT  shift, and go to state 8
    ENUM    shift, and go to state 9
    UNION   shift, and go to state 10
    CONST   shift, and go to state 11

    declaration                go to state 296
    return_types               go to state 218
    declaration_specifiers     go to state 17
    type_specifier             go to state 18
    struct_or_union_specifier  go to state 20
    struct_or_union            go to state 21
    enum_specifier             go to state 22


State 220

   38 declaration_list: declaration_list • declaration
  196 compound_statement: LBRACE $@4 declaration_list • statement_list RBRACE

    error            shift, and go to state 193
    INT              shift, and go to state 1
    FLOAT            shift, and go to state 2
    CHAR             shift, and go to state 3
    VOID             shift, and go to state 4
    BOOL             shift, and go to state 5
    IF               shift, and go to state 194
    FOR              shift, and go to state 195
    WHILE            shift, and go to state 196
    DO               shift, and go to state 197
    UNTIL            shift, and go to state 198
    BREAK            shift, and go to state 199
    CONTINUE         shift, and go to state 200
    SWITCH           shift, and go to state 201
    CASE             shift, and go to state 202
    DEFAULT          shift, and go to state 203
    SIZEOF           shift, and go to state 83
    STATIC           shift, and go to state 6
    GOTO             shift, and go to state 204
    CLASS            shift, and go to state 23
    NULL_LITERAL     shift, and go to state 84
    INCREMENT        shift, and go to state 85
    DECREMENT        shift, and go to state 86
    PLUS             shift, and go to state 87
    MINUS            shift, and go to state 88
    STAR             shift, and go to state 89
    LOGICAL_NOT      shift, and go to state 90
    BIT_AND          shift, and go to state 91
    BIT_NOT          shift, and go to state 92
    SEMICOLON        shift, and go to state 205
    LBRACE           shift, and go to state 59
    LPAREN           shift, and go to state 94
    STRUCT           shift, and go to state 8
    RETURN           shift, and go to state 206
    IDENTIFIER       shift, and go to state 207
    INT_LITERAL      shift, and go to state 96
    BOOLEAN_LITERAL  shift, and go to state 97
    FLOAT_LITERAL    shift, and go to state 98
    STRING_LITERAL   shift, and go to state 99
    CHAR_LITERAL     shift, and go to state 100
    ENUM             shift, and go to state 9
    UNION            shift, and go to state 10
    CONST            shift, and go to state 11

    declaration                go to state 296
    return_types               go to state 218
    declaration_specifiers     go to state 17
    type_specifier             go to state 18
    primary_expression         go to state 102
    postfix_expression         go to state 103
    unary_expression           go to state 104
    unary_operator             go to state 105
    cast_expression            go to state 106
    multiplicative_expression  go to state 107
    additive_expression        go to state 108
    shift_expression           go to state 109
    relational_expression      go to state 110
    equality_expression        go to state 111
    and_expression             go to state 112
    exclusive_or_expression    go to state 113
    inclusive_or_expression    go to state 114
    logical_and_expression     go to state 115
    logical_or_expression      go to state 116
    conditional_expression     go to state 117
    assignment_expression      go to state 150
    expression                 go to state 208
    struct_or_union_specifier  go to state 20
    struct_or_union            go to state 21
    enum_specifier             go to state 22
    statement                  go to state 209
    labeled_statement          go to state 210
    compound_statement         go to state 211
    statement_list             go to state 297
    expression_statement       go to state 213
    selection_statement        go to state 214
    iteration_statement        go to state 215
    jump_statement             go to state 216


State 221

  158 specifier_qualifier_list: type_specifier specifier_qualifier_list •

    $default  reduce using rule 158 (specifier_qualifier_list)


State 222

  160 specifier_qualifier_list: type_qualifier specifier_qualifier_list •

    $default  reduce using rule 160 (specifier_qualifier_list)


State 223

  150 struct_or_union_specifier: struct_or_union IDENTIFIER LBRACE struct_declaration_list RBRACE •

    $default  reduce using rule 150 (struct_or_union_specifier)


State 224

  156 struct_declaration_list: struct_declaration_list struct_declaration •

    $default  reduce using rule 156 (struct_declaration_list)


State 225

  165 struct_declarator: COLON • constant_expression

    SIZEOF           shift, and go to state 83
    NULL_LITERAL     shift, and go to state 84
    INCREMENT        shift, and go to state 85
    DECREMENT        shift, and go to state 86
    PLUS             shift, and go to state 87
    MINUS            shift, and go to state 88
    STAR             shift, and go to state 89
    LOGICAL_NOT      shift, and go to state 90
    BIT_AND          shift, and go to state 91
    BIT_NOT          shift, and go to state 92
    LPAREN           shift, and go to state 94
    IDENTIFIER       shift, and go to state 95
    INT_LITERAL      shift, and go to state 96
    BOOLEAN_LITERAL  shift, and go to state 97
    FLOAT_LITERAL    shift, and go to state 98
    STRING_LITERAL   shift, and go to state 99
    CHAR_LITERAL     shift, and go to state 100

    primary_expression         go to state 102
    postfix_expression         go to state 103
    unary_expression           go to state 134
    unary_operator             go to state 105
    cast_expression            go to state 106
    multiplicative_expression  go to state 107
    additive_expression        go to state 108
    shift_expression           go to state 109
    relational_expression      go to state 110
    equality_expression        go to state 111
    and_expression             go to state 112
    exclusive_or_expression    go to state 113
    inclusive_or_expression    go to state 114
    logical_and_expression     go to state 115
    logical_or_expression      go to state 116
    conditional_expression     go to state 135
    constant_expression        go to state 298


State 226

  164 struct_declarator: declarator •
  166                  | declarator • COLON constant_expression

    COLON  shift, and go to state 299

    $default  reduce using rule 164 (struct_declarator)


State 227

  157 struct_declaration: specifier_qualifier_list struct_declarator_list • SEMICOLON
  163 struct_declarator_list: struct_declarator_list • COMMA struct_declarator

    SEMICOLON  shift, and go to state 300
    COMMA      shift, and go to state 301


State 228

  162 struct_declarator_list: struct_declarator •

    $default  reduce using rule 162 (struct_declarator_list)


State 229

   53 base_specifier_list: base_specifier_list COMMA base_specifier •

    $default  reduce using rule 53 (base_specifier_list)


State 230

   70 access_label: PUBLIC • COLON

    COLON  shift, and go to state 302


State 231

   72 access_label: PRIVATE • COLON

    COLON  shift, and go to state 303


State 232

   71 access_label: PROTECTED • COLON

    COLON  shift, and go to state 304


State 233

   69 destructor_declaration: BIT_NOT • IDENTIFIER LPAREN RPAREN compound_statement
  101 unary_operator: BIT_NOT •

    IDENTIFIER  shift, and go to state 305

    IDENTIFIER  [reduce using rule 101 (unary_operator)]
    $default    reduce using rule 101 (unary_operator)


State 234

   49 class_declaration: CLASS IDENTIFIER opt_base_clause LBRACE class_body RBRACE • SEMICOLON

    SEMICOLON  shift, and go to state 306


State 235

   68 constructor_declaration: IDENTIFIER • LPAREN parameter_list RPAREN compound_statement
   73 primary_expression: IDENTIFIER •
  186 labeled_statement: IDENTIFIER • COLON statement

    COLON   shift, and go to state 291
    LPAREN  shift, and go to state 307

    LPAREN    [reduce using rule 73 (primary_expression)]
    $default  reduce using rule 73 (primary_expression)


State 236

   63 member_declaration: function_definition •

    $default  reduce using rule 63 (member_declaration)


State 237

   61 member_declaration: declaration •

    $default  reduce using rule 61 (member_declaration)


State 238

   65 member_declaration: class_declaration •

    $default  reduce using rule 65 (member_declaration)


State 239

   60 class_body: class_body member_declaration •

    $default  reduce using rule 60 (class_body)


State 240

   66 member_declaration: constructor_declaration •

    $default  reduce using rule 66 (member_declaration)


State 241

   67 member_declaration: destructor_declaration •

    $default  reduce using rule 67 (member_declaration)


State 242

   64 member_declaration: access_label •

    $default  reduce using rule 64 (member_declaration)


State 243

   62 member_declaration: statement_list •
  198 statement_list: statement_list • statement

    error            shift, and go to state 193
    IF               shift, and go to state 194
    FOR              shift, and go to state 195
    WHILE            shift, and go to state 196
    DO               shift, and go to state 197
    UNTIL            shift, and go to state 198
    BREAK            shift, and go to state 199
    CONTINUE         shift, and go to state 200
    SWITCH           shift, and go to state 201
    CASE             shift, and go to state 202
    DEFAULT          shift, and go to state 203
    SIZEOF           shift, and go to state 83
    GOTO             shift, and go to state 204
    NULL_LITERAL     shift, and go to state 84
    INCREMENT        shift, and go to state 85
    DECREMENT        shift, and go to state 86
    PLUS             shift, and go to state 87
    MINUS            shift, and go to state 88
    STAR             shift, and go to state 89
    LOGICAL_NOT      shift, and go to state 90
    BIT_AND          shift, and go to state 91
    BIT_NOT          shift, and go to state 92
    SEMICOLON        shift, and go to state 205
    LBRACE           shift, and go to state 59
    LPAREN           shift, and go to state 94
    RETURN           shift, and go to state 206
    IDENTIFIER       shift, and go to state 207
    INT_LITERAL      shift, and go to state 96
    BOOLEAN_LITERAL  shift, and go to state 97
    FLOAT_LITERAL    shift, and go to state 98
    STRING_LITERAL   shift, and go to state 99
    CHAR_LITERAL     shift, and go to state 100

    error            [reduce using rule 62 (member_declaration)]
    INT              reduce using rule 62 (member_declaration)
    FLOAT            reduce using rule 62 (member_declaration)
    CHAR             reduce using rule 62 (member_declaration)
    VOID             reduce using rule 62 (member_declaration)
    BOOL             reduce using rule 62 (member_declaration)
    IF               [reduce using rule 62 (member_declaration)]
    FOR              [reduce using rule 62 (member_declaration)]
    WHILE            [reduce using rule 62 (member_declaration)]
    DO               [reduce using rule 62 (member_declaration)]
    UNTIL            [reduce using rule 62 (member_declaration)]
    BREAK            [reduce using rule 62 (member_declaration)]
    CONTINUE         [reduce using rule 62 (member_declaration)]
    SWITCH           [reduce using rule 62 (member_declaration)]
    CASE             [reduce using rule 62 (member_declaration)]
    DEFAULT          [reduce using rule 62 (member_declaration)]
    SIZEOF           [reduce using rule 62 (member_declaration)]
    STATIC           reduce using rule 62 (member_declaration)
    GOTO             [reduce using rule 62 (member_declaration)]
    CLASS            reduce using rule 62 (member_declaration)
    PUBLIC           reduce using rule 62 (member_declaration)
    PRIVATE          reduce using rule 62 (member_declaration)
    PROTECTED        reduce using rule 62 (member_declaration)
    NULL_LITERAL     [reduce using rule 62 (member_declaration)]
    INCREMENT        [reduce using rule 62 (member_declaration)]
    DECREMENT        [reduce using rule 62 (member_declaration)]
    PLUS             [reduce using rule 62 (member_declaration)]
    MINUS            [reduce using rule 62 (member_declaration)]
    STAR             [reduce using rule 62 (member_declaration)]
    LOGICAL_NOT      [reduce using rule 62 (member_declaration)]
    BIT_AND          [reduce using rule 62 (member_declaration)]
    BIT_NOT          [reduce using rule 62 (member_declaration)]
    SEMICOLON        [reduce using rule 62 (member_declaration)]
    LBRACE           [reduce using rule 62 (member_declaration)]
    RBRACE           reduce using rule 62 (member_declaration)
    LPAREN           [reduce using rule 62 (member_declaration)]
    STRUCT           reduce using rule 62 (member_declaration)
    RETURN           [reduce using rule 62 (member_declaration)]
    IDENTIFIER       [reduce using rule 62 (member_declaration)]
    INT_LITERAL      [reduce using rule 62 (member_declaration)]
    BOOLEAN_LITERAL  [reduce using rule 62 (member_declaration)]
    FLOAT_LITERAL    [reduce using rule 62 (member_declaration)]
    STRING_LITERAL   [reduce using rule 62 (member_declaration)]
    CHAR_LITERAL     [reduce using rule 62 (member_declaration)]
    ENUM             reduce using rule 62 (member_declaration)
    UNION            reduce using rule 62 (member_declaration)
    CONST            reduce using rule 62 (member_declaration)

    primary_expression         go to state 102
    postfix_expression         go to state 103
    unary_expression           go to state 104
    unary_operator             go to state 105
    cast_expression            go to state 106
    multiplicative_expression  go to state 107
    additive_expression        go to state 108
    shift_expression           go to state 109
    relational_expression      go to state 110
    equality_expression        go to state 111
    and_expression             go to state 112
    exclusive_or_expression    go to state 113
    inclusive_or_expression    go to state 114
    logical_and_expression     go to state 115
    logical_or_expression      go to state 116
    conditional_expression     go to state 117
    assignment_expression      go to state 150
    expression                 go to state 208
    statement                  go to state 294
    labeled_statement          go to state 210
    compound_statement         go to state 211
    expression_statement       go to state 213
    selection_statement        go to state 214
    iteration_statement        go to state 215
    jump_statement             go to state 216


State 244

   45 parameter_type_list: parameter_list COMMA ELLIPSIS •

    $default  reduce using rule 45 (parameter_type_list)


State 245

   47 parameter_list: parameter_list COMMA parameter_declaration •

    $default  reduce using rule 47 (parameter_list)


State 246

   96 unary_expression: SIZEOF LPAREN type_name • RPAREN

    RPAREN  shift, and go to state 308


State 247

   41 initializer: LBRACE initializer_list COMMA • RBRACE
   43 initializer_list: initializer_list COMMA • initializer

    SIZEOF           shift, and go to state 83
    NULL_LITERAL     shift, and go to state 84
    INCREMENT        shift, and go to state 85
    DECREMENT        shift, and go to state 86
    PLUS             shift, and go to state 87
    MINUS            shift, and go to state 88
    STAR             shift, and go to state 89
    LOGICAL_NOT      shift, and go to state 90
    BIT_AND          shift, and go to state 91
    BIT_NOT          shift, and go to state 92
    LBRACE           shift, and go to state 93
    RBRACE           shift, and go to state 309
    LPAREN           shift, and go to state 94
    IDENTIFIER       shift, and go to state 95
    INT_LITERAL      shift, and go to state 96
    BOOLEAN_LITERAL  shift, and go to state 97
    FLOAT_LITERAL    shift, and go to state 98
    STRING_LITERAL   shift, and go to state 99
    CHAR_LITERAL     shift, and go to state 100

    initializer                go to state 310
    primary_expression         go to state 102
    postfix_expression         go to state 103
    unary_expression           go to state 104
    unary_operator             go to state 105
    cast_expression            go to state 106
    multiplicative_expression  go to state 107
    additive_expression        go to state 108
    shift_expression           go to state 109
    relational_expression      go to state 110
    equality_expression        go to state 111
    and_expression             go to state 112
    exclusive_or_expression    go to state 113
    inclusive_or_expression    go to state 114
    logical_and_expression     go to state 115
    logical_or_expression      go to state 116
    conditional_expression     go to state 117
    assignment_expression      go to state 118


State 248

   40 initializer: LBRACE initializer_list RBRACE •

    $default  reduce using rule 40 (initializer)


State 249

  148 expression: expression COMMA • assignment_expression

    SIZEOF           shift, and go to state 83
    NULL_LITERAL     shift, and go to state 84
    INCREMENT        shift, and go to state 85
    DECREMENT        shift, and go to state 86
    PLUS             shift, and go to state 87
    MINUS            shift, and go to state 88
    STAR             shift, and go to state 89
    LOGICAL_NOT      shift, and go to state 90
    BIT_AND          shift, and go to state 91
    BIT_NOT          shift, and go to state 92
    LPAREN           shift, and go to state 94
    IDENTIFIER       shift, and go to state 95
    INT_LITERAL      shift, and go to state 96
    BOOLEAN_LITERAL  shift, and go to state 97
    FLOAT_LITERAL    shift, and go to state 98
    STRING_LITERAL   shift, and go to state 99
    CHAR_LITERAL     shift, and go to state 100

    primary_expression         go to state 102
    postfix_expression         go to state 103
    unary_expression           go to state 104
    unary_operator             go to state 105
    cast_expression            go to state 106
    multiplicative_expression  go to state 107
    additive_expression        go to state 108
    shift_expression           go to state 109
    relational_expression      go to state 110
    equality_expression        go to state 111
    and_expression             go to state 112
    exclusive_or_expression    go to state 113
    inclusive_or_expression    go to state 114
    logical_and_expression     go to state 115
    logical_or_expression      go to state 116
    conditional_expression     go to state 117
    assignment_expression      go to state 311


State 250

   80 primary_expression: LPAREN expression RPAREN •

    $default  reduce using rule 80 (primary_expression)


State 251

  104 cast_expression: LPAREN type_name RPAREN • cast_expression

    SIZEOF           shift, and go to state 83
    NULL_LITERAL     shift, and go to state 84
    INCREMENT        shift, and go to state 85
    DECREMENT        shift, and go to state 86
    PLUS             shift, and go to state 87
    MINUS            shift, and go to state 88
    STAR             shift, and go to state 89
    LOGICAL_NOT      shift, and go to state 90
    BIT_AND          shift, and go to state 91
    BIT_NOT          shift, and go to state 92
    LPAREN           shift, and go to state 94
    IDENTIFIER       shift, and go to state 95
    INT_LITERAL      shift, and go to state 96
    BOOLEAN_LITERAL  shift, and go to state 97
    FLOAT_LITERAL    shift, and go to state 98
    STRING_LITERAL   shift, and go to state 99
    CHAR_LITERAL     shift, and go to state 100

    primary_expression  go to state 102
    postfix_expression  go to state 103
    unary_expression    go to state 134
    unary_operator      go to state 105
    cast_expression     go to state 312


State 252

   86 postfix_expression: postfix_expression ARROW IDENTIFIER •

    $default  reduce using rule 86 (postfix_expression)


State 253

   85 postfix_expression: postfix_expression DOT IDENTIFIER •

    $default  reduce using rule 85 (postfix_expression)


State 254

   83 postfix_expression: postfix_expression LPAREN RPAREN •

    $default  reduce using rule 83 (postfix_expression)


State 255

   84 postfix_expression: postfix_expression LPAREN argument_expression_list • RPAREN
   90 argument_expression_list: argument_expression_list • COMMA assignment_expression

    COMMA   shift, and go to state 313
    RPAREN  shift, and go to state 314


State 256

   89 argument_expression_list: assignment_expression •

    $default  reduce using rule 89 (argument_expression_list)


State 257

   82 postfix_expression: postfix_expression LBRACKET expression • RBRACKET
  148 expression: expression • COMMA assignment_expression

    COMMA     shift, and go to state 249
    RBRACKET  shift, and go to state 315


State 258

  135 assignment_expression: unary_expression assignment_operator assignment_expression •

    $default  reduce using rule 135 (assignment_expression)


State 259

  106 multiplicative_expression: multiplicative_expression STAR cast_expression •

    $default  reduce using rule 106 (multiplicative_expression)


State 260

  107 multiplicative_expression: multiplicative_expression DIVIDE cast_expression •

    $default  reduce using rule 107 (multiplicative_expression)


State 261

  108 multiplicative_expression: multiplicative_expression MOD cast_expression •

    $default  reduce using rule 108 (multiplicative_expression)


State 262

  106 multiplicative_expression: multiplicative_expression • STAR cast_expression
  107                          | multiplicative_expression • DIVIDE cast_expression
  108                          | multiplicative_expression • MOD cast_expression
  110 additive_expression: additive_expression PLUS multiplicative_expression •

    STAR    shift, and go to state 173
    DIVIDE  shift, and go to state 174
    MOD     shift, and go to state 175

    $default  reduce using rule 110 (additive_expression)


State 263

  106 multiplicative_expression: multiplicative_expression • STAR cast_expression
  107                          | multiplicative_expression • DIVIDE cast_expression
  108                          | multiplicative_expression • MOD cast_expression
  111 additive_expression: additive_expression MINUS multiplicative_expression •

    STAR    shift, and go to state 173
    DIVIDE  shift, and go to state 174
    MOD     shift, and go to state 175

    $default  reduce using rule 111 (additive_expression)


State 264

  110 additive_expression: additive_expression • PLUS multiplicative_expression
  111                    | additive_expression • MINUS multiplicative_expression
  113 shift_expression: shift_expression LEFT_SHIFT additive_expression •

    PLUS   shift, and go to state 176
    MINUS  shift, and go to state 177

    $default  reduce using rule 113 (shift_expression)


State 265

  110 additive_expression: additive_expression • PLUS multiplicative_expression
  111                    | additive_expression • MINUS multiplicative_expression
  114 shift_expression: shift_expression RIGHT_SHIFT additive_expression •

    PLUS   shift, and go to state 176
    MINUS  shift, and go to state 177

    $default  reduce using rule 114 (shift_expression)


State 266

  113 shift_expression: shift_expression • LEFT_SHIFT additive_expression
  114                 | shift_expression • RIGHT_SHIFT additive_expression
  118 relational_expression: relational_expression LE shift_expression •

    LEFT_SHIFT   shift, and go to state 178
    RIGHT_SHIFT  shift, and go to state 179

    $default  reduce using rule 118 (relational_expression)


State 267

  113 shift_expression: shift_expression • LEFT_SHIFT additive_expression
  114                 | shift_expression • RIGHT_SHIFT additive_expression
  119 relational_expression: relational_expression GE shift_expression •

    LEFT_SHIFT   shift, and go to state 178
    RIGHT_SHIFT  shift, and go to state 179

    $default  reduce using rule 119 (relational_expression)


State 268

  113 shift_expression: shift_expression • LEFT_SHIFT additive_expression
  114                 | shift_expression • RIGHT_SHIFT additive_expression
  116 relational_expression: relational_expression LT shift_expression •

    LEFT_SHIFT   shift, and go to state 178
    RIGHT_SHIFT  shift, and go to state 179

    $default  reduce using rule 116 (relational_expression)


State 269

  113 shift_expression: shift_expression • LEFT_SHIFT additive_expression
  114                 | shift_expression • RIGHT_SHIFT additive_expression
  117 relational_expression: relational_expression GT shift_expression •

    LEFT_SHIFT   shift, and go to state 178
    RIGHT_SHIFT  shift, and go to state 179

    $default  reduce using rule 117 (relational_expression)


State 270

  116 relational_expression: relational_expression • LT shift_expression
  117                      | relational_expression • GT shift_expression
  118                      | relational_expression • LE shift_expression
  119                      | relational_expression • GE shift_expression
  121 equality_expression: equality_expression EQ relational_expression •

    LE  shift, and go to state 180
    GE  shift, and go to state 181
    LT  shift, and go to state 182
    GT  shift, and go to state 183

    $default  reduce using rule 121 (equality_expression)


State 271

  116 relational_expression: relational_expression • LT shift_expression
  117                      | relational_expression • GT shift_expression
  118                      | relational_expression • LE shift_expression
  119                      | relational_expression • GE shift_expression
  122 equality_expression: equality_expression NEQ relational_expression •

    LE  shift, and go to state 180
    GE  shift, and go to state 181
    LT  shift, and go to state 182
    GT  shift, and go to state 183

    $default  reduce using rule 122 (equality_expression)


State 272

  121 equality_expression: equality_expression • EQ relational_expression
  122                    | equality_expression • NEQ relational_expression
  124 and_expression: and_expression BIT_AND equality_expression •

    EQ   shift, and go to state 184
    NEQ  shift, and go to state 185

    $default  reduce using rule 124 (and_expression)


State 273

  124 and_expression: and_expression • BIT_AND equality_expression
  126 exclusive_or_expression: exclusive_or_expression BIT_XOR and_expression •

    BIT_AND  shift, and go to state 186

    $default  reduce using rule 126 (exclusive_or_expression)


State 274

  126 exclusive_or_expression: exclusive_or_expression • BIT_XOR and_expression
  128 inclusive_or_expression: inclusive_or_expression BIT_OR exclusive_or_expression •

    BIT_XOR  shift, and go to state 187

    $default  reduce using rule 128 (inclusive_or_expression)


State 275

  128 inclusive_or_expression: inclusive_or_expression • BIT_OR exclusive_or_expression
  130 logical_and_expression: logical_and_expression LOGICAL_AND inclusive_or_expression •

    BIT_OR  shift, and go to state 188

    $default  reduce using rule 130 (logical_and_expression)


State 276

  130 logical_and_expression: logical_and_expression • LOGICAL_AND inclusive_or_expression
  132 logical_or_expression: logical_or_expression LOGICAL_OR logical_and_expression •

    LOGICAL_AND  shift, and go to state 189

    $default  reduce using rule 132 (logical_or_expression)


State 277

  185 statement: error SEMICOLON •

    $default  reduce using rule 185 (statement)


State 278

  201 selection_statement: IF LPAREN • expression RPAREN statement
  202                    | IF LPAREN • expression RPAREN statement ELSE statement

    SIZEOF           shift, and go to state 83
    NULL_LITERAL     shift, and go to state 84
    INCREMENT        shift, and go to state 85
    DECREMENT        shift, and go to state 86
    PLUS             shift, and go to state 87
    MINUS            shift, and go to state 88
    STAR             shift, and go to state 89
    LOGICAL_NOT      shift, and go to state 90
    BIT_AND          shift, and go to state 91
    BIT_NOT          shift, and go to state 92
    LPAREN           shift, and go to state 94
    IDENTIFIER       shift, and go to state 95
    INT_LITERAL      shift, and go to state 96
    BOOLEAN_LITERAL  shift, and go to state 97
    FLOAT_LITERAL    shift, and go to state 98
    STRING_LITERAL   shift, and go to state 99
    CHAR_LITERAL     shift, and go to state 100

    primary_expression         go to state 102
    postfix_expression         go to state 103
    unary_expression           go to state 104
    unary_operator             go to state 105
    cast_expression            go to state 106
    multiplicative_expression  go to state 107
    additive_expression        go to state 108
    shift_expression           go to state 109
    relational_expression      go to state 110
    equality_expression        go to state 111
    and_expression             go to state 112
    exclusive_or_expression    go to state 113
    inclusive_or_expression    go to state 114
    logical_and_expression     go to state 115
    logical_or_expression      go to state 116
    conditional_expression     go to state 117
    assignment_expression      go to state 150
    expression                 go to state 316


State 279

  207 iteration_statement: FOR LPAREN • expression_statement expression_statement RPAREN statement
  208                    | FOR LPAREN • expression_statement expression_statement expression RPAREN statement

    SIZEOF           shift, and go to state 83
    NULL_LITERAL     shift, and go to state 84
    INCREMENT        shift, and go to state 85
    DECREMENT        shift, and go to state 86
    PLUS             shift, and go to state 87
    MINUS            shift, and go to state 88
    STAR             shift, and go to state 89
    LOGICAL_NOT      shift, and go to state 90
    BIT_AND          shift, and go to state 91
    BIT_NOT          shift, and go to state 92
    SEMICOLON        shift, and go to state 205
    LPAREN           shift, and go to state 94
    IDENTIFIER       shift, and go to state 95
    INT_LITERAL      shift, and go to state 96
    BOOLEAN_LITERAL  shift, and go to state 97
    FLOAT_LITERAL    shift, and go to state 98
    STRING_LITERAL   shift, and go to state 99
    CHAR_LITERAL     shift, and go to state 100

    primary_expression         go to state 102
    postfix_expression         go to state 103
    unary_expression           go to state 104
    unary_operator             go to state 105
    cast_expression            go to state 106
    multiplicative_expression  go to state 107
    additive_expression        go to state 108
    shift_expression           go to state 109
    relational_expression      go to state 110
    equality_expression        go to state 111
    and_expression             go to state 112
    exclusive_or_expression    go to state 113
    inclusive_or_expression    go to state 114
    logical_and_expression     go to state 115
    logical_or_expression      go to state 116
    conditional_expression     go to state 117
    assignment_expression      go to state 150
    expression                 go to state 208
    expression_statement       go to state 317


State 280

  204 iteration_statement: WHILE LPAREN • expression RPAREN statement

    SIZEOF           shift, and go to state 83
    NULL_LITERAL     shift, and go to state 84
    INCREMENT        shift, and go to state 85
    DECREMENT        shift, and go to state 86
    PLUS             shift, and go to state 87
    MINUS            shift, and go to state 88
    STAR             shift, and go to state 89
    LOGICAL_NOT      shift, and go to state 90
    BIT_AND          shift, and go to state 91
    BIT_NOT          shift, and go to state 92
    LPAREN           shift, and go to state 94
    IDENTIFIER       shift, and go to state 95
    INT_LITERAL      shift, and go to state 96
    BOOLEAN_LITERAL  shift, and go to state 97
    FLOAT_LITERAL    shift, and go to state 98
    STRING_LITERAL   shift, and go to state 99
    CHAR_LITERAL     shift, and go to state 100

    primary_expression         go to state 102
    postfix_expression         go to state 103
    unary_expression           go to state 104
    unary_operator             go to state 105
    cast_expression            go to state 106
    multiplicative_expression  go to state 107
    additive_expression        go to state 108
    shift_expression           go to state 109
    relational_expression      go to state 110
    equality_expression        go to state 111
    and_expression             go to state 112
    exclusive_or_expression    go to state 113
    inclusive_or_expression    go to state 114
    logical_and_expression     go to state 115
    logical_or_expression      go to state 116
    conditional_expression     go to state 117
    assignment_expression      go to state 150
    expression                 go to state 318


State 281

  206 iteration_statement: DO statement • WHILE LPAREN expression RPAREN SEMICOLON

    WHILE  shift, and go to state 319


State 282

  205 iteration_statement: UNTIL LPAREN • expression RPAREN statement

    SIZEOF           shift, and go to state 83
    NULL_LITERAL     shift, and go to state 84
    INCREMENT        shift, and go to state 85
    DECREMENT        shift, and go to state 86
    PLUS             shift, and go to state 87
    MINUS            shift, and go to state 88
    STAR             shift, and go to state 89
    LOGICAL_NOT      shift, and go to state 90
    BIT_AND          shift, and go to state 91
    BIT_NOT          shift, and go to state 92
    LPAREN           shift, and go to state 94
    IDENTIFIER       shift, and go to state 95
    INT_LITERAL      shift, and go to state 96
    BOOLEAN_LITERAL  shift, and go to state 97
    FLOAT_LITERAL    shift, and go to state 98
    STRING_LITERAL   shift, and go to state 99
    CHAR_LITERAL     shift, and go to state 100

    primary_expression         go to state 102
    postfix_expression         go to state 103
    unary_expression           go to state 104
    unary_operator             go to state 105
    cast_expression            go to state 106
    multiplicative_expression  go to state 107
    additive_expression        go to state 108
    shift_expression           go to state 109
    relational_expression      go to state 110
    equality_expression        go to state 111
    and_expression             go to state 112
    exclusive_or_expression    go to state 113
    inclusive_or_expression    go to state 114
    logical_and_expression     go to state 115
    logical_or_expression      go to state 116
    conditional_expression     go to state 117
    assignment_expression      go to state 150
    expression                 go to state 320


State 283

  211 jump_statement: BREAK SEMICOLON •

    $default  reduce using rule 211 (jump_statement)


State 284

  210 jump_statement: CONTINUE SEMICOLON •

    $default  reduce using rule 210 (jump_statement)


State 285

  203 selection_statement: SWITCH LPAREN • expression RPAREN statement

    SIZEOF           shift, and go to state 83
    NULL_LITERAL     shift, and go to state 84
    INCREMENT        shift, and go to state 85
    DECREMENT        shift, and go to state 86
    PLUS             shift, and go to state 87
    MINUS            shift, and go to state 88
    STAR             shift, and go to state 89
    LOGICAL_NOT      shift, and go to state 90
    BIT_AND          shift, and go to state 91
    BIT_NOT          shift, and go to state 92
    LPAREN           shift, and go to state 94
    IDENTIFIER       shift, and go to state 95
    INT_LITERAL      shift, and go to state 96
    BOOLEAN_LITERAL  shift, and go to state 97
    FLOAT_LITERAL    shift, and go to state 98
    STRING_LITERAL   shift, and go to state 99
    CHAR_LITERAL     shift, and go to state 100

    primary_expression         go to state 102
    postfix_expression         go to state 103
    unary_expression           go to state 104
    unary_operator             go to state 105
    cast_expression            go to state 106
    multiplicative_expression  go to state 107
    additive_expression        go to state 108
    shift_expression           go to state 109
    relational_expression      go to state 110
    equality_expression        go to state 111
    and_expression             go to state 112
    exclusive_or_expression    go to state 113
    inclusive_or_expression    go to state 114
    logical_and_expression     go to state 115
    logical_or_expression      go to state 116
    conditional_expression     go to state 117
    assignment_expression      go to state 150
    expression                 go to state 321


State 286

  187 labeled_statement: CASE constant_expression • COLON statement

    COLON  shift, and go to state 322


State 287

  188 labeled_statement: DEFAULT COLON • statement

    error            shift, and go to state 193
    IF               shift, and go to state 194
    FOR              shift, and go to state 195
    WHILE            shift, and go to state 196
    DO               shift, and go to state 197
    UNTIL            shift, and go to state 198
    BREAK            shift, and go to state 199
    CONTINUE         shift, and go to state 200
    SWITCH           shift, and go to state 201
    CASE             shift, and go to state 202
    DEFAULT          shift, and go to state 203
    SIZEOF           shift, and go to state 83
    GOTO             shift, and go to state 204
    NULL_LITERAL     shift, and go to state 84
    INCREMENT        shift, and go to state 85
    DECREMENT        shift, and go to state 86
    PLUS             shift, and go to state 87
    MINUS            shift, and go to state 88
    STAR             shift, and go to state 89
    LOGICAL_NOT      shift, and go to state 90
    BIT_AND          shift, and go to state 91
    BIT_NOT          shift, and go to state 92
    SEMICOLON        shift, and go to state 205
    LBRACE           shift, and go to state 59
    LPAREN           shift, and go to state 94
    RETURN           shift, and go to state 206
    IDENTIFIER       shift, and go to state 207
    INT_LITERAL      shift, and go to state 96
    BOOLEAN_LITERAL  shift, and go to state 97
    FLOAT_LITERAL    shift, and go to state 98
    STRING_LITERAL   shift, and go to state 99
    CHAR_LITERAL     shift, and go to state 100

    primary_expression         go to state 102
    postfix_expression         go to state 103
    unary_expression           go to state 104
    unary_operator             go to state 105
    cast_expression            go to state 106
    multiplicative_expression  go to state 107
    additive_expression        go to state 108
    shift_expression           go to state 109
    relational_expression      go to state 110
    equality_expression        go to state 111
    and_expression             go to state 112
    exclusive_or_expression    go to state 113
    inclusive_or_expression    go to state 114
    logical_and_expression     go to state 115
    logical_or_expression      go to state 116
    conditional_expression     go to state 117
    assignment_expression      go to state 150
    expression                 go to state 208
    statement                  go to state 323
    labeled_statement          go to state 210
    compound_statement         go to state 211
    expression_statement       go to state 213
    selection_statement        go to state 214
    iteration_statement        go to state 215
    jump_statement             go to state 216


State 288

  209 jump_statement: GOTO IDENTIFIER • SEMICOLON

    SEMICOLON  shift, and go to state 324


State 289

  212 jump_statement: RETURN SEMICOLON •

    $default  reduce using rule 212 (jump_statement)


State 290

  148 expression: expression • COMMA assignment_expression
  213 jump_statement: RETURN expression • SEMICOLON

    SEMICOLON  shift, and go to state 325
    COMMA      shift, and go to state 249


State 291

  186 labeled_statement: IDENTIFIER COLON • statement

    error            shift, and go to state 193
    IF               shift, and go to state 194
    FOR              shift, and go to state 195
    WHILE            shift, and go to state 196
    DO               shift, and go to state 197
    UNTIL            shift, and go to state 198
    BREAK            shift, and go to state 199
    CONTINUE         shift, and go to state 200
    SWITCH           shift, and go to state 201
    CASE             shift, and go to state 202
    DEFAULT          shift, and go to state 203
    SIZEOF           shift, and go to state 83
    GOTO             shift, and go to state 204
    NULL_LITERAL     shift, and go to state 84
    INCREMENT        shift, and go to state 85
    DECREMENT        shift, and go to state 86
    PLUS             shift, and go to state 87
    MINUS            shift, and go to state 88
    STAR             shift, and go to state 89
    LOGICAL_NOT      shift, and go to state 90
    BIT_AND          shift, and go to state 91
    BIT_NOT          shift, and go to state 92
    SEMICOLON        shift, and go to state 205
    LBRACE           shift, and go to state 59
    LPAREN           shift, and go to state 94
    RETURN           shift, and go to state 206
    IDENTIFIER       shift, and go to state 207
    INT_LITERAL      shift, and go to state 96
    BOOLEAN_LITERAL  shift, and go to state 97
    FLOAT_LITERAL    shift, and go to state 98
    STRING_LITERAL   shift, and go to state 99
    CHAR_LITERAL     shift, and go to state 100

    primary_expression         go to state 102
    postfix_expression         go to state 103
    unary_expression           go to state 104
    unary_operator             go to state 105
    cast_expression            go to state 106
    multiplicative_expression  go to state 107
    additive_expression        go to state 108
    shift_expression           go to state 109
    relational_expression      go to state 110
    equality_expression        go to state 111
    and_expression             go to state 112
    exclusive_or_expression    go to state 113
    inclusive_or_expression    go to state 114
    logical_and_expression     go to state 115
    logical_or_expression      go to state 116
    conditional_expression     go to state 117
    assignment_expression      go to state 150
    expression                 go to state 208
    statement                  go to state 326
    labeled_statement          go to state 210
    compound_statement         go to state 211
    expression_statement       go to state 213
    selection_statement        go to state 214
    iteration_statement        go to state 215
    jump_statement             go to state 216


State 292

  200 expression_statement: expression SEMICOLON •

    $default  reduce using rule 200 (expression_statement)


State 293

  192 compound_statement: LBRACE $@2 statement_list RBRACE •

    $default  reduce using rule 192 (compound_statement)


State 294

  198 statement_list: statement_list statement •

    $default  reduce using rule 198 (statement_list)


State 295

  194 compound_statement: LBRACE $@3 declaration_list RBRACE •

    $default  reduce using rule 194 (compound_statement)


State 296

   38 declaration_list: declaration_list declaration •

    $default  reduce using rule 38 (declaration_list)


State 297

  196 compound_statement: LBRACE $@4 declaration_list statement_list • RBRACE
  198 statement_list: statement_list • statement

    error            shift, and go to state 193
    IF               shift, and go to state 194
    FOR              shift, and go to state 195
    WHILE            shift, and go to state 196
    DO               shift, and go to state 197
    UNTIL            shift, and go to state 198
    BREAK            shift, and go to state 199
    CONTINUE         shift, and go to state 200
    SWITCH           shift, and go to state 201
    CASE             shift, and go to state 202
    DEFAULT          shift, and go to state 203
    SIZEOF           shift, and go to state 83
    GOTO             shift, and go to state 204
    NULL_LITERAL     shift, and go to state 84
    INCREMENT        shift, and go to state 85
    DECREMENT        shift, and go to state 86
    PLUS             shift, and go to state 87
    MINUS            shift, and go to state 88
    STAR             shift, and go to state 89
    LOGICAL_NOT      shift, and go to state 90
    BIT_AND          shift, and go to state 91
    BIT_NOT          shift, and go to state 92
    SEMICOLON        shift, and go to state 205
    LBRACE           shift, and go to state 59
    RBRACE           shift, and go to state 327
    LPAREN           shift, and go to state 94
    RETURN           shift, and go to state 206
    IDENTIFIER       shift, and go to state 207
    INT_LITERAL      shift, and go to state 96
    BOOLEAN_LITERAL  shift, and go to state 97
    FLOAT_LITERAL    shift, and go to state 98
    STRING_LITERAL   shift, and go to state 99
    CHAR_LITERAL     shift, and go to state 100

    primary_expression         go to state 102
    postfix_expression         go to state 103
    unary_expression           go to state 104
    unary_operator             go to state 105
    cast_expression            go to state 106
    multiplicative_expression  go to state 107
    additive_expression        go to state 108
    shift_expression           go to state 109
    relational_expression      go to state 110
    equality_expression        go to state 111
    and_expression             go to state 112
    exclusive_or_expression    go to state 113
    inclusive_or_expression    go to state 114
    logical_and_expression     go to state 115
    logical_or_expression      go to state 116
    conditional_expression     go to state 117
    assignment_expression      go to state 150
    expression                 go to state 208
    statement                  go to state 294
    labeled_statement          go to state 210
    compound_statement         go to state 211
    expression_statement       go to state 213
    selection_statement        go to state 214
    iteration_statement        go to state 215
    jump_statement             go to state 216


State 298

  165 struct_declarator: COLON constant_expression •

    $default  reduce using rule 165 (struct_declarator)


State 299

  166 struct_declarator: declarator COLON • constant_expression

    SIZEOF           shift, and go to state 83
    NULL_LITERAL     shift, and go to state 84
    INCREMENT        shift, and go to state 85
    DECREMENT        shift, and go to state 86
    PLUS             shift, and go to state 87
    MINUS            shift, and go to state 88
    STAR             shift, and go to state 89
    LOGICAL_NOT      shift, and go to state 90
    BIT_AND          shift, and go to state 91
    BIT_NOT          shift, and go to state 92
    LPAREN           shift, and go to state 94
    IDENTIFIER       shift, and go to state 95
    INT_LITERAL      shift, and go to state 96
    BOOLEAN_LITERAL  shift, and go to state 97
    FLOAT_LITERAL    shift, and go to state 98
    STRING_LITERAL   shift, and go to state 99
    CHAR_LITERAL     shift, and go to state 100

    primary_expression         go to state 102
    postfix_expression         go to state 103
    unary_expression           go to state 134
    unary_operator             go to state 105
    cast_expression            go to state 106
    multiplicative_expression  go to state 107
    additive_expression        go to state 108
    shift_expression           go to state 109
    relational_expression      go to state 110
    equality_expression        go to state 111
    and_expression             go to state 112
    exclusive_or_expression    go to state 113
    inclusive_or_expression    go to state 114
    logical_and_expression     go to state 115
    logical_or_expression      go to state 116
    conditional_expression     go to state 135
    constant_expression        go to state 328


State 300

  157 struct_declaration: specifier_qualifier_list struct_declarator_list SEMICOLON •

    $default  reduce using rule 157 (struct_declaration)


State 301

  163 struct_declarator_list: struct_declarator_list COMMA • struct_declarator

    STAR        shift, and go to state 32
    BIT_AND     shift, and go to state 33
    COLON       shift, and go to state 225
    IDENTIFIER  shift, and go to state 80

    declarator         go to state 226
    direct_declarator  go to state 39
    struct_declarator  go to state 329
    pointer            go to state 82


State 302

   70 access_label: PUBLIC COLON •

    $default  reduce using rule 70 (access_label)


State 303

   72 access_label: PRIVATE COLON •

    $default  reduce using rule 72 (access_label)


State 304

   71 access_label: PROTECTED COLON •

    $default  reduce using rule 71 (access_label)


State 305

   69 destructor_declaration: BIT_NOT IDENTIFIER • LPAREN RPAREN compound_statement

    LPAREN  shift, and go to state 330


State 306

   49 class_declaration: CLASS IDENTIFIER opt_base_clause LBRACE class_body RBRACE SEMICOLON •

    $default  reduce using rule 49 (class_declaration)


State 307

   68 constructor_declaration: IDENTIFIER LPAREN • parameter_list RPAREN compound_statement

    INT     shift, and go to state 1
    FLOAT   shift, and go to state 2
    CHAR    shift, and go to state 3
    VOID    shift, and go to state 4
    BOOL    shift, and go to state 5
    STATIC  shift, and go to state 6
    CLASS   shift, and go to state 23
    STRUCT  shift, and go to state 8
    ENUM    shift, and go to state 9
    UNION   shift, and go to state 10
    CONST   shift, and go to state 11

    return_types               go to state 76
    declaration_specifiers     go to state 17
    type_specifier             go to state 18
    parameter_list             go to state 331
    parameter_declaration      go to state 79
    struct_or_union_specifier  go to state 20
    struct_or_union            go to state 21
    enum_specifier             go to state 22


State 308

   96 unary_expression: SIZEOF LPAREN type_name RPAREN •

    $default  reduce using rule 96 (unary_expression)


State 309

   41 initializer: LBRACE initializer_list COMMA RBRACE •

    $default  reduce using rule 41 (initializer)


State 310

   43 initializer_list: initializer_list COMMA initializer •

    $default  reduce using rule 43 (initializer_list)


State 311

  148 expression: expression COMMA assignment_expression •

    $default  reduce using rule 148 (expression)


State 312

  104 cast_expression: LPAREN type_name RPAREN cast_expression •

    $default  reduce using rule 104 (cast_expression)


State 313

   90 argument_expression_list: argument_expression_list COMMA • assignment_expression

    SIZEOF           shift, and go to state 83
    NULL_LITERAL     shift, and go to state 84
    INCREMENT        shift, and go to state 85
    DECREMENT        shift, and go to state 86
    PLUS             shift, and go to state 87
    MINUS            shift, and go to state 88
    STAR             shift, and go to state 89
    LOGICAL_NOT      shift, and go to state 90
    BIT_AND          shift, and go to state 91
    BIT_NOT          shift, and go to state 92
    LPAREN           shift, and go to state 94
    IDENTIFIER       shift, and go to state 95
    INT_LITERAL      shift, and go to state 96
    BOOLEAN_LITERAL  shift, and go to state 97
    FLOAT_LITERAL    shift, and go to state 98
    STRING_LITERAL   shift, and go to state 99
    CHAR_LITERAL     shift, and go to state 100

    primary_expression         go to state 102
    postfix_expression         go to state 103
    unary_expression           go to state 104
    unary_operator             go to state 105
    cast_expression            go to state 106
    multiplicative_expression  go to state 107
    additive_expression        go to state 108
    shift_expression           go to state 109
    relational_expression      go to state 110
    equality_expression        go to state 111
    and_expression             go to state 112
    exclusive_or_expression    go to state 113
    inclusive_or_expression    go to state 114
    logical_and_expression     go to state 115
    logical_or_expression      go to state 116
    conditional_expression     go to state 117
    assignment_expression      go to state 332


State 314

   84 postfix_expression: postfix_expression LPAREN argument_expression_list RPAREN •

    $default  reduce using rule 84 (postfix_expression)


State 315

   82 postfix_expression: postfix_expression LBRACKET expression RBRACKET •

    $default  reduce using rule 82 (postfix_expression)


State 316

  148 expression: expression • COMMA assignment_expression
  201 selection_statement: IF LPAREN expression • RPAREN statement
  202                    | IF LPAREN expression • RPAREN statement ELSE statement

    COMMA   shift, and go to state 249
    RPAREN  shift, and go to state 333


State 317

  207 iteration_statement: FOR LPAREN expression_statement • expression_statement RPAREN statement
  208                    | FOR LPAREN expression_statement • expression_statement expression RPAREN statement

    SIZEOF           shift, and go to state 83
    NULL_LITERAL     shift, and go to state 84
    INCREMENT        shift, and go to state 85
    DECREMENT        shift, and go to state 86
    PLUS             shift, and go to state 87
    MINUS            shift, and go to state 88
    STAR             shift, and go to state 89
    LOGICAL_NOT      shift, and go to state 90
    BIT_AND          shift, and go to state 91
    BIT_NOT          shift, and go to state 92
    SEMICOLON        shift, and go to state 205
    LPAREN           shift, and go to state 94
    IDENTIFIER       shift, and go to state 95
    INT_LITERAL      shift, and go to state 96
    BOOLEAN_LITERAL  shift, and go to state 97
    FLOAT_LITERAL    shift, and go to state 98
    STRING_LITERAL   shift, and go to state 99
    CHAR_LITERAL     shift, and go to state 100

    primary_expression         go to state 102
    postfix_expression         go to state 103
    unary_expression           go to state 104
    unary_operator             go to state 105
    cast_expression            go to state 106
    multiplicative_expression  go to state 107
    additive_expression        go to state 108
    shift_expression           go to state 109
    relational_expression      go to state 110
    equality_expression        go to state 111
    and_expression             go to state 112
    exclusive_or_expression    go to state 113
    inclusive_or_expression    go to state 114
    logical_and_expression     go to state 115
    logical_or_expression      go to state 116
    conditional_expression     go to state 117
    assignment_expression      go to state 150
    expression                 go to state 208
    expression_statement       go to state 334


State 318

  148 expression: expression • COMMA assignment_expression
  204 iteration_statement: WHILE LPAREN expression • RPAREN statement

    COMMA   shift, and go to state 249
    RPAREN  shift, and go to state 335


State 319

  206 iteration_statement: DO statement WHILE • LPAREN expression RPAREN SEMICOLON

    LPAREN  shift, and go to state 336


State 320

  148 expression: expression • COMMA assignment_expression
  205 iteration_statement: UNTIL LPAREN expression • RPAREN statement

    COMMA   shift, and go to state 249
    RPAREN  shift, and go to state 337


State 321

  148 expression: expression • COMMA assignment_expression
  203 selection_statement: SWITCH LPAREN expression • RPAREN statement

    COMMA   shift, and go to state 249
    RPAREN  shift, and go to state 338


State 322

  187 labeled_statement: CASE constant_expression COLON • statement

    error            shift, and go to state 193
    IF               shift, and go to state 194
    FOR              shift, and go to state 195
    WHILE            shift, and go to state 196
    DO               shift, and go to state 197
    UNTIL            shift, and go to state 198
    BREAK            shift, and go to state 199
    CONTINUE         shift, and go to state 200
    SWITCH           shift, and go to state 201
    CASE             shift, and go to state 202
    DEFAULT          shift, and go to state 203
    SIZEOF           shift, and go to state 83
    GOTO             shift, and go to state 204
    NULL_LITERAL     shift, and go to state 84
    INCREMENT        shift, and go to state 85
    DECREMENT        shift, and go to state 86
    PLUS             shift, and go to state 87
    MINUS            shift, and go to state 88
    STAR             shift, and go to state 89
    LOGICAL_NOT      shift, and go to state 90
    BIT_AND          shift, and go to state 91
    BIT_NOT          shift, and go to state 92
    SEMICOLON        shift, and go to state 205
    LBRACE           shift, and go to state 59
    LPAREN           shift, and go to state 94
    RETURN           shift, and go to state 206
    IDENTIFIER       shift, and go to state 207
    INT_LITERAL      shift, and go to state 96
    BOOLEAN_LITERAL  shift, and go to state 97
    FLOAT_LITERAL    shift, and go to state 98
    STRING_LITERAL   shift, and go to state 99
    CHAR_LITERAL     shift, and go to state 100

    primary_expression         go to state 102
    postfix_expression         go to state 103
    unary_expression           go to state 104
    unary_operator             go to state 105
    cast_expression            go to state 106
    multiplicative_expression  go to state 107
    additive_expression        go to state 108
    shift_expression           go to state 109
    relational_expression      go to state 110
    equality_expression        go to state 111
    and_expression             go to state 112
    exclusive_or_expression    go to state 113
    inclusive_or_expression    go to state 114
    logical_and_expression     go to state 115
    logical_or_expression      go to state 116
    conditional_expression     go to state 117
    assignment_expression      go to state 150
    expression                 go to state 208
    statement                  go to state 339
    labeled_statement          go to state 210
    compound_statement         go to state 211
    expression_statement       go to state 213
    selection_statement        go to state 214
    iteration_statement        go to state 215
    jump_statement             go to state 216


State 323

  188 labeled_statement: DEFAULT COLON statement •

    $default  reduce using rule 188 (labeled_statement)


State 324

  209 jump_statement: GOTO IDENTIFIER SEMICOLON •

    $default  reduce using rule 209 (jump_statement)


State 325

  213 jump_statement: RETURN expression SEMICOLON •

    $default  reduce using rule 213 (jump_statement)


State 326

  186 labeled_statement: IDENTIFIER COLON statement •

    $default  reduce using rule 186 (labeled_statement)


State 327

  196 compound_statement: LBRACE $@4 declaration_list statement_list RBRACE •

    $default  reduce using rule 196 (compound_statement)


State 328

  166 struct_declarator: declarator COLON constant_expression •

    $default  reduce using rule 166 (struct_declarator)


State 329

  163 struct_declarator_list: struct_declarator_list COMMA struct_declarator •

    $default  reduce using rule 163 (struct_declarator_list)


State 330

   69 destructor_declaration: BIT_NOT IDENTIFIER LPAREN • RPAREN compound_statement

    RPAREN  shift, and go to state 340


State 331

   47 parameter_list: parameter_list • COMMA parameter_declaration
   68 constructor_declaration: IDENTIFIER LPAREN parameter_list • RPAREN compound_statement

    COMMA   shift, and go to state 341
    RPAREN  shift, and go to state 342


State 332

   90 argument_expression_list: argument_expression_list COMMA assignment_expression •

    $default  reduce using rule 90 (argument_expression_list)


State 333

  201 selection_statement: IF LPAREN expression RPAREN • statement
  202                    | IF LPAREN expression RPAREN • statement ELSE statement

    error            shift, and go to state 193
    IF               shift, and go to state 194
    FOR              shift, and go to state 195
    WHILE            shift, and go to state 196
    DO               shift, and go to state 197
    UNTIL            shift, and go to state 198
    BREAK            shift, and go to state 199
    CONTINUE         shift, and go to state 200
    SWITCH           shift, and go to state 201
    CASE             shift, and go to state 202
    DEFAULT          shift, and go to state 203
    SIZEOF           shift, and go to state 83
    GOTO             shift, and go to state 204
    NULL_LITERAL     shift, and go to state 84
    INCREMENT        shift, and go to state 85
    DECREMENT        shift, and go to state 86
    PLUS             shift, and go to state 87
    MINUS            shift, and go to state 88
    STAR             shift, and go to state 89
    LOGICAL_NOT      shift, and go to state 90
    BIT_AND          shift, and go to state 91
    BIT_NOT          shift, and go to state 92
    SEMICOLON        shift, and go to state 205
    LBRACE           shift, and go to state 59
    LPAREN           shift, and go to state 94
    RETURN           shift, and go to state 206
    IDENTIFIER       shift, and go to state 207
    INT_LITERAL      shift, and go to state 96
    BOOLEAN_LITERAL  shift, and go to state 97
    FLOAT_LITERAL    shift, and go to state 98
    STRING_LITERAL   shift, and go to state 99
    CHAR_LITERAL     shift, and go to state 100

    primary_expression         go to state 102
    postfix_expression         go to state 103
    unary_expression           go to state 104
    unary_operator             go to state 105
    cast_expression            go to state 106
    multiplicative_expression  go to state 107
    additive_expression        go to state 108
    shift_expression           go to state 109
    relational_expression      go to state 110
    equality_expression        go to state 111
    and_expression             go to state 112
    exclusive_or_expression    go to state 113
    inclusive_or_expression    go to state 114
    logical_and_expression     go to state 115
    logical_or_expression      go to state 116
    conditional_expression     go to state 117
    assignment_expression      go to state 150
    expression                 go to state 208
    statement                  go to state 343
    labeled_statement          go to state 210
    compound_statement         go to state 211
    expression_statement       go to state 213
    selection_statement        go to state 214
    iteration_statement        go to state 215
    jump_statement             go to state 216


State 334

  207 iteration_statement: FOR LPAREN expression_statement expression_statement • RPAREN statement
  208                    | FOR LPAREN expression_statement expression_statement • expression RPAREN statement

    SIZEOF           shift, and go to state 83
    NULL_LITERAL     shift, and go to state 84
    INCREMENT        shift, and go to state 85
    DECREMENT        shift, and go to state 86
    PLUS             shift, and go to state 87
    MINUS            shift, and go to state 88
    STAR             shift, and go to state 89
    LOGICAL_NOT      shift, and go to state 90
    BIT_AND          shift, and go to state 91
    BIT_NOT          shift, and go to state 92
    LPAREN           shift, and go to state 94
    RPAREN           shift, and go to state 344
    IDENTIFIER       shift, and go to state 95
    INT_LITERAL      shift, and go to state 96
    BOOLEAN_LITERAL  shift, and go to state 97
    FLOAT_LITERAL    shift, and go to state 98
    STRING_LITERAL   shift, and go to state 99
    CHAR_LITERAL     shift, and go to state 100

    primary_expression         go to state 102
    postfix_expression         go to state 103
    unary_expression           go to state 104
    unary_operator             go to state 105
    cast_expression            go to state 106
    multiplicative_expression  go to state 107
    additive_expression        go to state 108
    shift_expression           go to state 109
    relational_expression      go to state 110
    equality_expression        go to state 111
    and_expression             go to state 112
    exclusive_or_expression    go to state 113
    inclusive_or_expression    go to state 114
    logical_and_expression     go to state 115
    logical_or_expression      go to state 116
    conditional_expression     go to state 117
    assignment_expression      go to state 150
    expression                 go to state 345


State 335

  204 iteration_statement: WHILE LPAREN expression RPAREN • statement

    error            shift, and go to state 193
    IF               shift, and go to state 194
    FOR              shift, and go to state 195
    WHILE            shift, and go to state 196
    DO               shift, and go to state 197
    UNTIL            shift, and go to state 198
    BREAK            shift, and go to state 199
    CONTINUE         shift, and go to state 200
    SWITCH           shift, and go to state 201
    CASE             shift, and go to state 202
    DEFAULT          shift, and go to state 203
    SIZEOF           shift, and go to state 83
    GOTO             shift, and go to state 204
    NULL_LITERAL     shift, and go to state 84
    INCREMENT        shift, and go to state 85
    DECREMENT        shift, and go to state 86
    PLUS             shift, and go to state 87
    MINUS            shift, and go to state 88
    STAR             shift, and go to state 89
    LOGICAL_NOT      shift, and go to state 90
    BIT_AND          shift, and go to state 91
    BIT_NOT          shift, and go to state 92
    SEMICOLON        shift, and go to state 205
    LBRACE           shift, and go to state 59
    LPAREN           shift, and go to state 94
    RETURN           shift, and go to state 206
    IDENTIFIER       shift, and go to state 207
    INT_LITERAL      shift, and go to state 96
    BOOLEAN_LITERAL  shift, and go to state 97
    FLOAT_LITERAL    shift, and go to state 98
    STRING_LITERAL   shift, and go to state 99
    CHAR_LITERAL     shift, and go to state 100

    primary_expression         go to state 102
    postfix_expression         go to state 103
    unary_expression           go to state 104
    unary_operator             go to state 105
    cast_expression            go to state 106
    multiplicative_expression  go to state 107
    additive_expression        go to state 108
    shift_expression           go to state 109
    relational_expression      go to state 110
    equality_expression        go to state 111
    and_expression             go to state 112
    exclusive_or_expression    go to state 113
    inclusive_or_expression    go to state 114
    logical_and_expression     go to state 115
    logical_or_expression      go to state 116
    conditional_expression     go to state 117
    assignment_expression      go to state 150
    expression                 go to state 208
    statement                  go to state 346
    labeled_statement          go to state 210
    compound_statement         go to state 211
    expression_statement       go to state 213
    selection_statement        go to state 214
    iteration_statement        go to state 215
    jump_statement             go to state 216


State 336

  206 iteration_statement: DO statement WHILE LPAREN • expression RPAREN SEMICOLON

    SIZEOF           shift, and go to state 83
    NULL_LITERAL     shift, and go to state 84
    INCREMENT        shift, and go to state 85
    DECREMENT        shift, and go to state 86
    PLUS             shift, and go to state 87
    MINUS            shift, and go to state 88
    STAR             shift, and go to state 89
    LOGICAL_NOT      shift, and go to state 90
    BIT_AND          shift, and go to state 91
    BIT_NOT          shift, and go to state 92
    LPAREN           shift, and go to state 94
    IDENTIFIER       shift, and go to state 95
    INT_LITERAL      shift, and go to state 96
    BOOLEAN_LITERAL  shift, and go to state 97
    FLOAT_LITERAL    shift, and go to state 98
    STRING_LITERAL   shift, and go to state 99
    CHAR_LITERAL     shift, and go to state 100

    primary_expression         go to state 102
    postfix_expression         go to state 103
    unary_expression           go to state 104
    unary_operator             go to state 105
    cast_expression            go to state 106
    multiplicative_expression  go to state 107
    additive_expression        go to state 108
    shift_expression           go to state 109
    relational_expression      go to state 110
    equality_expression        go to state 111
    and_expression             go to state 112
    exclusive_or_expression    go to state 113
    inclusive_or_expression    go to state 114
    logical_and_expression     go to state 115
    logical_or_expression      go to state 116
    conditional_expression     go to state 117
    assignment_expression      go to state 150
    expression                 go to state 347


State 337

  205 iteration_statement: UNTIL LPAREN expression RPAREN • statement

    error            shift, and go to state 193
    IF               shift, and go to state 194
    FOR              shift, and go to state 195
    WHILE            shift, and go to state 196
    DO               shift, and go to state 197
    UNTIL            shift, and go to state 198
    BREAK            shift, and go to state 199
    CONTINUE         shift, and go to state 200
    SWITCH           shift, and go to state 201
    CASE             shift, and go to state 202
    DEFAULT          shift, and go to state 203
    SIZEOF           shift, and go to state 83
    GOTO             shift, and go to state 204
    NULL_LITERAL     shift, and go to state 84
    INCREMENT        shift, and go to state 85
    DECREMENT        shift, and go to state 86
    PLUS             shift, and go to state 87
    MINUS            shift, and go to state 88
    STAR             shift, and go to state 89
    LOGICAL_NOT      shift, and go to state 90
    BIT_AND          shift, and go to state 91
    BIT_NOT          shift, and go to state 92
    SEMICOLON        shift, and go to state 205
    LBRACE           shift, and go to state 59
    LPAREN           shift, and go to state 94
    RETURN           shift, and go to state 206
    IDENTIFIER       shift, and go to state 207
    INT_LITERAL      shift, and go to state 96
    BOOLEAN_LITERAL  shift, and go to state 97
    FLOAT_LITERAL    shift, and go to state 98
    STRING_LITERAL   shift, and go to state 99
    CHAR_LITERAL     shift, and go to state 100

    primary_expression         go to state 102
    postfix_expression         go to state 103
    unary_expression           go to state 104
    unary_operator             go to state 105
    cast_expression            go to state 106
    multiplicative_expression  go to state 107
    additive_expression        go to state 108
    shift_expression           go to state 109
    relational_expression      go to state 110
    equality_expression        go to state 111
    and_expression             go to state 112
    exclusive_or_expression    go to state 113
    inclusive_or_expression    go to state 114
    logical_and_expression     go to state 115
    logical_or_expression      go to state 116
    conditional_expression     go to state 117
    assignment_expression      go to state 150
    expression                 go to state 208
    statement                  go to state 348
    labeled_statement          go to state 210
    compound_statement         go to state 211
    expression_statement       go to state 213
    selection_statement        go to state 214
    iteration_statement        go to state 215
    jump_statement             go to state 216


State 338

  203 selection_statement: SWITCH LPAREN expression RPAREN • statement

    error            shift, and go to state 193
    IF               shift, and go to state 194
    FOR              shift, and go to state 195
    WHILE            shift, and go to state 196
    DO               shift, and go to state 197
    UNTIL            shift, and go to state 198
    BREAK            shift, and go to state 199
    CONTINUE         shift, and go to state 200
    SWITCH           shift, and go to state 201
    CASE             shift, and go to state 202
    DEFAULT          shift, and go to state 203
    SIZEOF           shift, and go to state 83
    GOTO             shift, and go to state 204
    NULL_LITERAL     shift, and go to state 84
    INCREMENT        shift, and go to state 85
    DECREMENT        shift, and go to state 86
    PLUS             shift, and go to state 87
    MINUS            shift, and go to state 88
    STAR             shift, and go to state 89
    LOGICAL_NOT      shift, and go to state 90
    BIT_AND          shift, and go to state 91
    BIT_NOT          shift, and go to state 92
    SEMICOLON        shift, and go to state 205
    LBRACE           shift, and go to state 59
    LPAREN           shift, and go to state 94
    RETURN           shift, and go to state 206
    IDENTIFIER       shift, and go to state 207
    INT_LITERAL      shift, and go to state 96
    BOOLEAN_LITERAL  shift, and go to state 97
    FLOAT_LITERAL    shift, and go to state 98
    STRING_LITERAL   shift, and go to state 99
    CHAR_LITERAL     shift, and go to state 100

    primary_expression         go to state 102
    postfix_expression         go to state 103
    unary_expression           go to state 104
    unary_operator             go to state 105
    cast_expression            go to state 106
    multiplicative_expression  go to state 107
    additive_expression        go to state 108
    shift_expression           go to state 109
    relational_expression      go to state 110
    equality_expression        go to state 111
    and_expression             go to state 112
    exclusive_or_expression    go to state 113
    inclusive_or_expression    go to state 114
    logical_and_expression     go to state 115
    logical_or_expression      go to state 116
    conditional_expression     go to state 117
    assignment_expression      go to state 150
    expression                 go to state 208
    statement                  go to state 349
    labeled_statement          go to state 210
    compound_statement         go to state 211
    expression_statement       go to state 213
    selection_statement        go to state 214
    iteration_statement        go to state 215
    jump_statement             go to state 216


State 339

  187 labeled_statement: CASE constant_expression COLON statement •

    $default  reduce using rule 187 (labeled_statement)


State 340

   69 destructor_declaration: BIT_NOT IDENTIFIER LPAREN RPAREN • compound_statement

    LBRACE  shift, and go to state 59

    compound_statement  go to state 350


State 341

   47 parameter_list: parameter_list COMMA • parameter_declaration

    INT     shift, and go to state 1
    FLOAT   shift, and go to state 2
    CHAR    shift, and go to state 3
    VOID    shift, and go to state 4
    BOOL    shift, and go to state 5
    STATIC  shift, and go to state 6
    CLASS   shift, and go to state 23
    STRUCT  shift, and go to state 8
    ENUM    shift, and go to state 9
    UNION   shift, and go to state 10
    CONST   shift, and go to state 11

    return_types               go to state 76
    declaration_specifiers     go to state 17
    type_specifier             go to state 18
    parameter_declaration      go to state 245
    struct_or_union_specifier  go to state 20
    struct_or_union            go to state 21
    enum_specifier             go to state 22


State 342

   68 constructor_declaration: IDENTIFIER LPAREN parameter_list RPAREN • compound_statement

    LBRACE  shift, and go to state 59

    compound_statement  go to state 351


State 343

  201 selection_statement: IF LPAREN expression RPAREN statement •
  202                    | IF LPAREN expression RPAREN statement • ELSE statement

    ELSE  shift, and go to state 352

    ELSE      [reduce using rule 201 (selection_statement)]
    $default  reduce using rule 201 (selection_statement)


State 344

  207 iteration_statement: FOR LPAREN expression_statement expression_statement RPAREN • statement

    error            shift, and go to state 193
    IF               shift, and go to state 194
    FOR              shift, and go to state 195
    WHILE            shift, and go to state 196
    DO               shift, and go to state 197
    UNTIL            shift, and go to state 198
    BREAK            shift, and go to state 199
    CONTINUE         shift, and go to state 200
    SWITCH           shift, and go to state 201
    CASE             shift, and go to state 202
    DEFAULT          shift, and go to state 203
    SIZEOF           shift, and go to state 83
    GOTO             shift, and go to state 204
    NULL_LITERAL     shift, and go to state 84
    INCREMENT        shift, and go to state 85
    DECREMENT        shift, and go to state 86
    PLUS             shift, and go to state 87
    MINUS            shift, and go to state 88
    STAR             shift, and go to state 89
    LOGICAL_NOT      shift, and go to state 90
    BIT_AND          shift, and go to state 91
    BIT_NOT          shift, and go to state 92
    SEMICOLON        shift, and go to state 205
    LBRACE           shift, and go to state 59
    LPAREN           shift, and go to state 94
    RETURN           shift, and go to state 206
    IDENTIFIER       shift, and go to state 207
    INT_LITERAL      shift, and go to state 96
    BOOLEAN_LITERAL  shift, and go to state 97
    FLOAT_LITERAL    shift, and go to state 98
    STRING_LITERAL   shift, and go to state 99
    CHAR_LITERAL     shift, and go to state 100

    primary_expression         go to state 102
    postfix_expression         go to state 103
    unary_expression           go to state 104
    unary_operator             go to state 105
    cast_expression            go to state 106
    multiplicative_expression  go to state 107
    additive_expression        go to state 108
    shift_expression           go to state 109
    relational_expression      go to state 110
    equality_expression        go to state 111
    and_expression             go to state 112
    exclusive_or_expression    go to state 113
    inclusive_or_expression    go to state 114
    logical_and_expression     go to state 115
    logical_or_expression      go to state 116
    conditional_expression     go to state 117
    assignment_expression      go to state 150
    expression                 go to state 208
    statement                  go to state 353
    labeled_statement          go to state 210
    compound_statement         go to state 211
    expression_statement       go to state 213
    selection_statement        go to state 214
    iteration_statement        go to state 215
    jump_statement             go to state 216


State 345

  148 expression: expression • COMMA assignment_expression
  208 iteration_statement: FOR LPAREN expression_statement expression_statement expression • RPAREN statement

    COMMA   shift, and go to state 249
    RPAREN  shift, and go to state 354


State 346

  204 iteration_statement: WHILE LPAREN expression RPAREN statement •

    $default  reduce using rule 204 (iteration_statement)


State 347

  148 expression: expression • COMMA assignment_expression
  206 iteration_statement: DO statement WHILE LPAREN expression • RPAREN SEMICOLON

    COMMA   shift, and go to state 249
    RPAREN  shift, and go to state 355


State 348

  205 iteration_statement: UNTIL LPAREN expression RPAREN statement •

    $default  reduce using rule 205 (iteration_statement)


State 349

  203 selection_statement: SWITCH LPAREN expression RPAREN statement •

    $default  reduce using rule 203 (selection_statement)


State 350

   69 destructor_declaration: BIT_NOT IDENTIFIER LPAREN RPAREN compound_statement •

    $default  reduce using rule 69 (destructor_declaration)


State 351

   68 constructor_declaration: IDENTIFIER LPAREN parameter_list RPAREN compound_statement •

    $default  reduce using rule 68 (constructor_declaration)


State 352

  202 selection_statement: IF LPAREN expression RPAREN statement ELSE • statement

    error            shift, and go to state 193
    IF               shift, and go to state 194
    FOR              shift, and go to state 195
    WHILE            shift, and go to state 196
    DO               shift, and go to state 197
    UNTIL            shift, and go to state 198
    BREAK            shift, and go to state 199
    CONTINUE         shift, and go to state 200
    SWITCH           shift, and go to state 201
    CASE             shift, and go to state 202
    DEFAULT          shift, and go to state 203
    SIZEOF           shift, and go to state 83
    GOTO             shift, and go to state 204
    NULL_LITERAL     shift, and go to state 84
    INCREMENT        shift, and go to state 85
    DECREMENT        shift, and go to state 86
    PLUS             shift, and go to state 87
    MINUS            shift, and go to state 88
    STAR             shift, and go to state 89
    LOGICAL_NOT      shift, and go to state 90
    BIT_AND          shift, and go to state 91
    BIT_NOT          shift, and go to state 92
    SEMICOLON        shift, and go to state 205
    LBRACE           shift, and go to state 59
    LPAREN           shift, and go to state 94
    RETURN           shift, and go to state 206
    IDENTIFIER       shift, and go to state 207
    INT_LITERAL      shift, and go to state 96
    BOOLEAN_LITERAL  shift, and go to state 97
    FLOAT_LITERAL    shift, and go to state 98
    STRING_LITERAL   shift, and go to state 99
    CHAR_LITERAL     shift, and go to state 100

    primary_expression         go to state 102
    postfix_expression         go to state 103
    unary_expression           go to state 104
    unary_operator             go to state 105
    cast_expression            go to state 106
    multiplicative_expression  go to state 107
    additive_expression        go to state 108
    shift_expression           go to state 109
    relational_expression      go to state 110
    equality_expression        go to state 111
    and_expression             go to state 112
    exclusive_or_expression    go to state 113
    inclusive_or_expression    go to state 114
    logical_and_expression     go to state 115
    logical_or_expression      go to state 116
    conditional_expression     go to state 117
    assignment_expression      go to state 150
    expression                 go to state 208
    statement                  go to state 356
    labeled_statement          go to state 210
    compound_statement         go to state 211
    expression_statement       go to state 213
    selection_statement        go to state 214
    iteration_statement        go to state 215
    jump_statement             go to state 216


State 353

  207 iteration_statement: FOR LPAREN expression_statement expression_statement RPAREN statement •

    $default  reduce using rule 207 (iteration_statement)


State 354

  208 iteration_statement: FOR LPAREN expression_statement expression_statement expression RPAREN • statement

    error            shift, and go to state 193
    IF               shift, and go to state 194
    FOR              shift, and go to state 195
    WHILE            shift, and go to state 196
    DO               shift, and go to state 197
    UNTIL            shift, and go to state 198
    BREAK            shift, and go to state 199
    CONTINUE         shift, and go to state 200
    SWITCH           shift, and go to state 201
    CASE             shift, and go to state 202
    DEFAULT          shift, and go to state 203
    SIZEOF           shift, and go to state 83
    GOTO             shift, and go to state 204
    NULL_LITERAL     shift, and go to state 84
    INCREMENT        shift, and go to state 85
    DECREMENT        shift, and go to state 86
    PLUS             shift, and go to state 87
    MINUS            shift, and go to state 88
    STAR             shift, and go to state 89
    LOGICAL_NOT      shift, and go to state 90
    BIT_AND          shift, and go to state 91
    BIT_NOT          shift, and go to state 92
    SEMICOLON        shift, and go to state 205
    LBRACE           shift, and go to state 59
    LPAREN           shift, and go to state 94
    RETURN           shift, and go to state 206
    IDENTIFIER       shift, and go to state 207
    INT_LITERAL      shift, and go to state 96
    BOOLEAN_LITERAL  shift, and go to state 97
    FLOAT_LITERAL    shift, and go to state 98
    STRING_LITERAL   shift, and go to state 99
    CHAR_LITERAL     shift, and go to state 100

    primary_expression         go to state 102
    postfix_expression         go to state 103
    unary_expression           go to state 104
    unary_operator             go to state 105
    cast_expression            go to state 106
    multiplicative_expression  go to state 107
    additive_expression        go to state 108
    shift_expression           go to state 109
    relational_expression      go to state 110
    equality_expression        go to state 111
    and_expression             go to state 112
    exclusive_or_expression    go to state 113
    inclusive_or_expression    go to state 114
    logical_and_expression     go to state 115
    logical_or_expression      go to state 116
    conditional_expression     go to state 117
    assignment_expression      go to state 150
    expression                 go to state 208
    statement                  go to state 357
    labeled_statement          go to state 210
    compound_statement         go to state 211
    expression_statement       go to state 213
    selection_statement        go to state 214
    iteration_statement        go to state 215
    jump_statement             go to state 216


State 355

  206 iteration_statement: DO statement WHILE LPAREN expression RPAREN • SEMICOLON

    SEMICOLON  shift, and go to state 358


State 356

  202 selection_statement: IF LPAREN expression RPAREN statement ELSE statement •

    $default  reduce using rule 202 (selection_statement)


State 357

  208 iteration_statement: FOR LPAREN expression_statement expression_statement expression RPAREN statement •

    $default  reduce using rule 208 (iteration_statement)


State 358

  206 iteration_statement: DO statement WHILE LPAREN expression RPAREN SEMICOLON •

    $default  reduce using rule 206 (iteration_statement)
